Guid;Сегмент
qdc252w5;Предотток
gc711484;Лояльные
397gbe3g;Предотток
4e6981d9;Отток
qc9we72q;Предотток
8q726497;Лояльные
7241ee11;Лояльные
d6gw944e;Отток
27552c2b;Отток
wc955wqw;Лояльные
65b75b7g;Отток
7356c47g;Отток
6ge7b3b5;Предотток
w84c15qq;Спящие
9eg6q42q;Лояльные
6w798be3;Спящие
1eq3b3dc;Спящие
79566872;Лояльные
ggw3q1eg;Лояльные
d2q5d14q;Лояльные
64269299;Отток
q1cq16ee;Отток
w8169wdd;Отток
dcc9ee8g;Предотток
ec959g76;Отток
b6c8c245;Предотток
g45g521c;Лояльные
d2631c37;Лояльные
9w8186d5;Отток
72d6b212;Отток
wcd5g169;Отток
6ecq565c;Лояльные
q89c3bwq;Лояльные
44b2d7e1;Лояльные
5qb11543;Отток
92b31536;Предотток
b6q66q38;Отток
g66894c2;Предотток
4452q2w5;Отток
w39619w2;Лояльные
48e34ge3;Отток
qd8b5q1d;Лояльные
65dg9625;Лояльные
c916dgb4;Предотток
3d17e93g;Предотток
364752w8;Отток
78e9q2d2;Отток
4g96q583;Спящие
c8bwdgd2;Отток
de7e3447;Лояльные
3g66dd95;Отток
b625734e;Отток
q33992w7;Лояльные
72qeqb84;Отток
9d775e38;Предотток
522q23gg;Отток
bew49325;Предотток
115g24c7;Отток
9b79d2bd;Предотток
ww637ed9;Лояльные
7qg959g6;Отток
43994wd4;Спящие
b1gc85cw;Лояльные
6dwedg26;Отток
c9w6bg24;Лояльные
659gc53c;Отток
w717eb77;Лояльные
83988b7g;Предотток
c5w427eg;Предотток
642e5276;Предотток
b96w4g5w;Отток
89c8c4b6;Отток
54qe9g69;Отток
d3d84749;Отток
wc1g885d;Спящие
723w6667;Предотток
1eq3b3w3;Спящие
5w8cd517;Отток
1b87b6dg;Предотток
627g1b27;Спящие
gcb51geb;Лояльные
gggdd9b7;Отток
4geew2d2;Спящие
q651539q;Лояльные
22396d36;Спящие
188b29q1;Лояльные
325798bd;Лояльные
17gb5ewc;Спящие
bdq138gg;Отток
52ge529b;Отток
43ww4e8q;Лояльные
381e78b8;Отток
eq65882c;Отток
8e79wbc7;Спящие
5b43d719;Спящие
7e25g9qq;Отток
dewdceeq;Отток
6edqegc6;Отток
ed2381eg;Спящие
8w7wb73g;Лояльные
7b63813c;Предотток
89q1we33;Спящие
3q3q5qwd;Отток
c75b3613;Предотток
w45g9c8e;Отток
e91ed86b;Отток
dd27qb83;Лояльные
qw5279w3;Отток
w4ebgwbe;Лояльные
3q688eq8;Спящие
e4c91315;Отток
1g2b77ec;Отток
dew1be26;Спящие
1d2g3weq;Отток
995g32ec;Спящие
56c9d44w;Отток
d4q1db2c;Лояльные
8dww26cq;Предотток
682c6bwg;Лояльные
d86w2ebg;Лояльные
w5qbwc55;Отток
g5dg848e;Отток
12b4bb89;Отток
e7w59b65;Лояльные
bd2ee889;Спящие
g92e3gcg;Отток
2qd45d97;Отток
6ccqgd6w;Предотток
65115eeq;Лояльные
w62315b1;Спящие
c8c8318q;Отток
52gbq298;Лояльные
e3b2cc79;Предотток
egecw15q;Отток
g1c3947b;Спящие
w11c4d34;Отток
bg74b75c;Отток
cwqg8398;Лояльные
qd3w736e;Отток
65e9e985;Предотток
3397159w;Предотток
2bed2egg;Спящие
51497e23;Отток
314d93b3;Лояльные
6wb2b7wc;Лояльные
868b338d;Лояльные
669b1154;Лояльные
9e6q5668;Отток
8c6e7cq5;Лояльные
c8c53d36;Отток
879qdee1;Лояльные
3d6geq11;Спящие
bd72d2wc;Предотток
56gc3b7w;Отток
64w6258b;Предотток
2e314w73;Лояльные
gccc22cd;Лояльные
42487952;Лояльные
445cwb9d;Лояльные
84114947;Лояльные
84bgq429;Предотток
75d7qb49;Отток
g9916we2;Предотток
cb98g7w5;Лояльные
7cg7e6dg;Отток
987cd2g9;Отток
gg843918;Отток
e116629g;Лояльные
7c8g8231;Предотток
52b5de38;Лояльные
9cq7qcq7;Спящие
7q1cb9bq;Предотток
15452d8w;Лояльные
c9b5g3wd;Спящие
7eg67q22;Отток
b1deg28w;Отток
dw243bw2;Лояльные
9e2b7331;Спящие
8264g28c;Лояльные
7qq3683d;Отток
26cq7g81;Отток
3q5cqd1b;Отток
deg8ddqe;Лояльные
d3q9dqc9;Предотток
d249g7b7;Отток
1d3g1cq4;Лояльные
c8566c6w;Лояльные
98736542;Отток
w9g4q2q1;Предотток
w4314wb3;Спящие
26bc4128;Лояльные
geb28q95;Отток
q7wg3234;Отток
26wg39e8;Отток
4w7854ww;Отток
6eccdcg8;Отток
983gg8b2;Предотток
q32dwe7q;Лояльные
2cbg3448;Отток
q9586682;Лояльные
d12321d1;Лояльные
7qd67qgc;Спящие
d7736c9g;Предотток
q749bdc1;Отток
35371139;Предотток
b9wqb8e3;Отток
2w195284;Лояльные
ww48q152;Отток
w36g1ew7;Отток
gc393w25;Отток
e6d55128;Предотток
5ee1w3c4;Предотток
3997cdbb;Отток
59132ccw;Лояльные
41q16db5;Отток
w984118c;Отток
d285198e;Спящие
c456c862;Спящие
9571e9ge;Отток
2gq6748d;Лояльные
1e8q6959;Отток
1db96366;Отток
556772q7;Лояльные
eq66944d;Отток
2ge113de;Лояльные
4963b1dw;Лояльные
5363edw1;Лояльные
37354db5;Предотток
744cgeeq;Лояльные
3dqbdq18;Отток
b3c397g8;Спящие
38d6q3w7;Лояльные
8b69d29w;Лояльные
w61d3d19;Предотток
w2171bd6;Лояльные
5g36ec24;Отток
39q34q24;Отток
d33q75d8;Предотток
35d83deb;Предотток
g79g635w;Спящие
1e17qecd;Отток
4bcded8e;Отток
gcw97453;Спящие
9wbq7bd9;Отток
w4wc1wqq;Отток
595ee9g7;Отток
56ggb1e4;Отток
bq4gq34e;Лояльные
cw8w94w5;Спящие
qwebce9b;Отток
gew563ww;Лояльные
694dec2b;Лояльные
6w1dqcqb;Спящие
673g81d3;Предотток
gb6161d9;Спящие
e197c623;Лояльные
g8b313d2;Отток
qbc2e668;Отток
269e7q72;Отток
b9b85de2;Спящие
6wbeew24;Спящие
5716w77g;Отток
6decd87b;Отток
qbc1cwqe;Отток
g5wdb842;Лояльные
3678766e;Лояльные
6d555bq9;Отток
w2982424;Предотток
8g2dce1e;Отток
cbge5d1q;Лояльные
b2412c9w;Спящие
bw8c1qb5;Отток
bw8c1qb8;Отток
355e64b5;Лояльные
27b7qcqg;Предотток
5g58641q;Лояльные
44e857c9;Спящие
82q9g782;Отток
6eq3q89w;Отток
dbeb27qq;Отток
21767846;Отток
bb25q2b3;Отток
53b9955c;Лояльные
1dw48web;Отток
9e9eegw8;Предотток
193e2892;Отток
c7219db7;Отток
6cb33ce7;Спящие
b3637edg;Лояльные
276cwd7c;Предотток
9q28ce56;Предотток
q1dwq66b;Отток
64ggee6c;Отток
24cc44b8;Спящие
w7gd4811;Предотток
b7d658c9;Отток
we1d7ddd;Лояльные
bcg77962;Лояльные
7q2d1g5g;Отток
cewc9175;Лояльные
7d53252b;Лояльные
w41cc167;Лояльные
qwg16756;Лояльные
bw71974q;Лояльные
6w8g3bd5;Спящие
8dqc7qwd;Отток
855w952c;Отток
d415eg1w;Отток
97gwdb37;Отток
13e32qec;Лояльные
1b18gqd5;Отток
6gwg7g6q;Спящие
11388d4w;Отток
779qe4b5;Предотток
e79b334c;Отток
gw4wd512;Лояльные
gge3ce42;Отток
w9dw121w;Спящие
b13bw2ce;Лояльные
gwb92g65;Лояльные
64e27645;Отток
5841w85e;Предотток
4g8w33g4;Лояльные
eg4294wq;Лояльные
q525d8d6;Отток
131w6c4b;Отток
c95d5w12;Лояльные
844e7b3d;Отток
7b1d8e15;Отток
w857dge2;Отток
wg3g9bd5;Отток
d44318gd;Отток
5b1cbw2q;Лояльные
8c737qew;Отток
q7847qbd;Предотток
3ew91wb3;Лояльные
7wb91938;Лояльные
b95c695b;Предотток
9q2bdd7g;Отток
4876b9dq;Отток
q51wgb5g;Спящие
76g232w4;Отток
g347qgw7;Спящие
eece7b4e;Предотток
68dw5wcb;Спящие
q97587b8;Спящие
6wc21c98;Спящие
4qw741e3;Предотток
8ce4355w;Отток
wc76wqqg;Спящие
wbgc6wc4;Лояльные
5gw76ceb;Лояльные
w4e8665c;Спящие
d311d26d;Лояльные
6we6g2q2;Отток
5211464e;Предотток
1we6765q;Спящие
d2e92337;Отток
d65e6dcd;Предотток
885426cq;Лояльные
57q8qcgw;Отток
18637ew9;Предотток
57q8qc16;Отток
261cd713;Отток
dg67dc2w;Лояльные
bd43cc8g;Спящие
qdd6b685;Предотток
84ce3g5d;Отток
16914g79;Спящие
579112ec;Лояльные
1c5b59c6;Предотток
1552c4gg;Отток
8q89g66q;Отток
cg53de33;Отток
gb959ee5;Лояльные
2q675199;Отток
4dwd8141;Спящие
g86687c5;Спящие
43d15cc9;Отток
4bb9gd94;Спящие
8d9gb764;Лояльные
21q4qddd;Отток
gce1c1ew;Отток
98b15397;Отток
5585d679;Отток
egdc4592;Лояльные
9cqcw2e9;Спящие
95gcgc53;Отток
qc7cwb3q;Предотток
99eq3w15;Отток
9w7wb15w;Лояльные
4wb1q7q8;Предотток
gc16w946;Спящие
g74b3cw8;Лояльные
46ggb6gg;Предотток
e5d88d38;Отток
92w6qbw1;Отток
3c42ccb4;Отток
15c36ggd;Предотток
6311q77c;Отток
b6d6dg53;Лояльные
4g88w8wq;Отток
ww7gcbd8;Лояльные
1g129d25;Лояльные
5eeq5c7w;Отток
9q345qgq;Отток
4b4c4db5;Отток
31b744b8;Спящие
w2d26gwc;Спящие
wb982d8g;Отток
db331887;Лояльные
d5655727;Отток
28q385e2;Отток
55qqb715;Спящие
16c2edgc;Отток
cd473b1g;Спящие
77871q2c;Отток
21g3c294;Лояльные
717889b2;Отток
b4c43e3b;Лояльные
g1q9wqgd;Спящие
2c9g71bc;Лояльные
bdqgd324;Отток
e4egweqb;Отток
bdqgd337;Отток
4g2c312q;Предотток
w59d944e;Отток
qqe45397;Отток
1ew2b733;Отток
4234d73g;Предотток
c7q57612;Отток
w788qg63;Предотток
17qw5bdw;Предотток
wwqc611c;Предотток
581cq6cc;Предотток
533d6498;Отток
16q5dg4d;Отток
96d9g2g6;Отток
5561b36c;Отток
q95c1g62;Предотток
bc5364ww;Лояльные
4369ed76;Лояльные
e2c36gd7;Лояльные
738848b3;Отток
76b8cq19;Отток
269qdd7w;Спящие
g83w55c5;Предотток
67665d2c;Предотток
g4q885qd;Отток
q692q1c1;Отток
5w72832g;Лояльные
88gq1ecd;Лояльные
w5452q67;Лояльные
9781wg32;Предотток
9dwc8dqc;Предотток
4bqq8qq4;Отток
dgwq45wb;Отток
9b829e8e;Отток
1bc94755;Лояльные
q4q5982d;Предотток
g963b174;Отток
d13e7g3c;Отток
b6wq27d4;Отток
www1bg3c;Лояльные
8c63w93b;Лояльные
7318w5g8;Предотток
74cqq941;Отток
qg48396c;Отток
wd5w9w93;Спящие
ed8dwe26;Отток
3q94g397;Отток
6977e64e;Отток
q69cw36w;Отток
64gb2dbd;Отток
7e682457;Предотток
cb3958qb;Лояльные
w7qeqdg5;Лояльные
22eg8857;Предотток
wd888bbw;Лояльные
557d28g4;Отток
52b6db8q;Предотток
cbgc46eb;Отток
33wd6311;Отток
7c131qdc;Отток
b13456q7;Лояльные
2583eecd;Спящие
991444qq;Лояльные
35q4qqg9;Отток
2653w661;Предотток
q5e5e997;Отток
c176d7c6;Отток
g84wcc36;Лояльные
d9qed7w6;Отток
edw551gw;Отток
4e49qe91;Отток
wgw35237;Предотток
82geqd7w;Отток
6cb1q27q;Отток
w4d5g58g;Лояльные
c2e1g3g4;Отток
767we8e3;Спящие
2e7e8ge1;Спящие
w159cb69;Отток
gcdq13eg;Отток
42gdq1q8;Отток
141egg56;Лояльные
62gq2cqc;Отток
qc3gc24g;Лояльные
e5745c8g;Спящие
dg7c5b27;Лояльные
7c24c241;Предотток
8bbcgw4g;Лояльные
2g315e93;Лояльные
9ecqbbdb;Предотток
641qq2wc;Спящие
46e84e29;Предотток
94485qe4;Отток
7qe2ccb7;Отток
q6d3d319;Лояльные
979ce946;Предотток
738e85bb;Спящие
6g287118;Отток
wb5q54we;Спящие
87b4727q;Отток
4qwe8517;Предотток
qde7qcge;Лояльные
w7g4qdcc;Лояльные
dqc923ce;Лояльные
cwdqcc6q;Отток
5de46w89;Предотток
qd1761g7;Отток
c85gg476;Отток
689gd7wd;Лояльные
e6qdwc1e;Лояльные
388b8b5d;Спящие
c979d712;Лояльные
6qd745q3;Отток
6dgcq3d8;Отток
3de5956c;Предотток
1wg1683w;Отток
5e2w8c59;Отток
e21d951e;Отток
dw19w7c8;Отток
w98g1e23;Отток
db53d8bd;Предотток
gwc95746;Лояльные
e3q9e5cq;Спящие
egq3wc1d;Лояльные
gcw85b18;Отток
2gdq4215;Спящие
w582dw65;Спящие
16w7we5g;Лояльные
2e252461;Лояльные
2c2gq73c;Отток
be7q433e;Спящие
e11qgdde;Отток
5992bg86;Лояльные
3w3e3w2w;Предотток
2e13gc4e;Отток
8q52q523;Отток
e8857bgw;Отток
53b9955w;Предотток
q29w7qgc;Лояльные
g6bg21d2;Отток
9571e899;Предотток
ee2c2d21;Предотток
1wd8d4bb;Спящие
5qeb6214;Спящие
e1784242;Лояльные
4dg2d7w9;Отток
b217w55w;Лояльные
d4e29525;Лояльные
58799qe5;Спящие
578222qe;Отток
wc2c428e;Лояльные
cq4w21gb;Отток
9dd3g899;Предотток
55b79cq1;Предотток
4d78278b;Отток
82gdc6bg;Спящие
db9897c9;Спящие
b6dgq918;Спящие
159c7ceb;Отток
6788wedc;Отток
q9gw8q33;Отток
c2qc7eqc;Лояльные
95qw6396;Отток
b1bcee31;Спящие
5dc2c4g4;Лояльные
93388dwe;Предотток
q9759152;Спящие
96wec61q;Отток
gg8dg237;Предотток
bdq38c98;Лояльные
bdq9w48w;Отток
362dec36;Лояльные
46wwbwg1;Спящие
we57wc63;Отток
113426wd;Спящие
q26e9bqq;Отток
3cde5q2g;Спящие
1d3w371e;Отток
c29b74d8;Спящие
q569599d;Отток
qbce35q1;Предотток
23q93ge4;Предотток
e2de1366;Отток
4e372ww2;Отток
12ww33c3;Спящие
b56g929g;Отток
58bwq3d2;Предотток
7dbwg72q;Лояльные
e264g3q4;Предотток
e4dg5985;Отток
ee56e1c8;Предотток
g575e486;Спящие
g43wg832;Отток
145ewgwq;Предотток
ccw9g352;Предотток
d1dq1c36;Предотток
7e4d5295;Лояльные
c6q7594q;Отток
6qw7dqc9;Отток
48147b42;Спящие
b898gcd8;Предотток
bd11ew18;Предотток
c4q2ede5;Отток
b47e4b45;Отток
ee8ew71g;Предотток
g7b1q839;Предотток
46qcc529;Спящие
qg49bwg9;Отток
gcw85bge;Лояльные
g2q7d34g;Предотток
7q137wb8;Отток
7web85g7;Лояльные
b5gq5d39;Предотток
44482w3c;Спящие
5w8d1q28;Отток
eq6g62q9;Предотток
db8e1w6e;Лояльные
eg7289ee;Отток
1g4ec1c5;Предотток
b6geg1ge;Отток
6e1geq15;Лояльные
4384w7dd;Отток
57967qb6;Отток
w784628d;Спящие
qg2bg5eg;Отток
eecc5c4d;Отток
597qc8d1;Отток
q6d138wd;Лояльные
dbqgw7wg;Отток
qb4ecw5e;Спящие
q9c5w224;Лояльные
171gcqc7;Лояльные
g745g2w3;Отток
b89b1w7g;Отток
c9geq475;Предотток
cde6q61w;Спящие
cec16d71;Предотток
8345wcd9;Спящие
796bq47e;Лояльные
11q4q33e;Отток
e9b5q624;Предотток
2w66b413;Отток
74g641be;Лояльные
85152973;Лояльные
qbewec34;Отток
8cdqb79d;Лояльные
w86qdgew;Лояльные
95wc5w11;Предотток
6847wqeg;Отток
bg9e739c;Отток
d6eg9bb9;Отток
5333b7c9;Лояльные
3q2e4b1e;Предотток
9gg72456;Предотток
517e5b2d;Отток
1bdbg15e;Предотток
1d71d3d6;Отток
27788826;Отток
cbc3w8b3;Спящие
q3cc79g3;Отток
b1bd95cw;Лояльные
49gc4q8e;Отток
9q26wc8e;Предотток
2d776dw4;Отток
6119c998;Отток
d2w15259;Отток
561dw52e;Лояльные
63be5d62;Отток
c599c142;Отток
27g14b69;Отток
5b56d746;Спящие
q1wcq561;Лояльные
c7wb23wb;Отток
deq6g75e;Спящие
edqd8bg4;Спящие
5wb254w5;Лояльные
g18265d3;Спящие
749378e6;Предотток
7988w58q;Отток
g18265ec;Отток
qq2d14q5;Спящие
5422535w;Отток
33386119;Отток
36g28361;Предотток
qw6246cc;Лояльные
1gcgw2e2;Спящие
9b716bq9;Предотток
56qg3ec9;Предотток
w3q9c4cq;Отток
e2g4q2dq;Лояльные
6gb1qe3g;Спящие
36b88569;Отток
7g198q6e;Отток
4c85eec7;Лояльные
qgc7c328;Лояльные
cdcw1978;Отток
g9d13d43;Отток
b8b7w668;Лояльные
99q5q9b9;Отток
e5qbwq27;Спящие
w9cb9q69;Спящие
67wcgq67;Лояльные
38qq8q39;Отток
9cc2ge56;Отток
bd21wd5g;Лояльные
81w7eg28;Отток
5e42qbgc;Спящие
e7629cq8;Отток
wc76q542;Лояльные
49gq9e42;Предотток
6wq86b91;Лояльные
9cc2ge88;Спящие
9gq4e7w6;Отток
g1bwg614;Отток
cgw2w6w6;Отток
c72999qe;Отток
ge356311;Предотток
69q513eb;Отток
cw87wd89;Отток
4cg47bgc;Отток
68c29585;Отток
g9527225;Предотток
36q9778d;Лояльные
3b3c69q9;Лояльные
3w8d2b69;Спящие
e9be2352;Предотток
qbc4e21g;Спящие
3e93575g;Отток
793q1b84;Отток
3ce65g61;Лояльные
eqb8393c;Отток
636332gq;Спящие
e6gc292w;Отток
12134we9;Отток
bcq66q9b;Отток
34523426;Отток
678ec9q6;Спящие
g6e4g9bw;Отток
71bw54qe;Отток
b2de5q58;Спящие
517e5b88;Спящие
c6gc58gb;Отток
5297w63d;Отток
ecqd7ec1;Отток
qd23q9b3;Отток
69425d3e;Спящие
939ewqb3;Лояльные
9222c6qd;Предотток
8c1db3b9;Предотток
db3wwbg8;Лояльные
ew2cw428;Отток
6wqewc33;Отток
2e165wd1;Лояльные
w486bqb4;Отток
74b936d3;Лояльные
273bb5d3;Отток
7q38bcdc;Лояльные
9725924w;Спящие
g6ww6c4e;Отток
23b4w89b;Спящие
q26q57b1;Отток
e2q719cw;Отток
457g3c3e;Отток
431q8gcd;Отток
5q2697q1;Отток
w6cgg438;Отток
gb512577;Спящие
wg4g667d;Лояльные
9d1722cb;Спящие
1g1dc337;Отток
dgqwccq3;Предотток
ddc9ebdb;Предотток
78bece33;Лояльные
b8325553;Предотток
76955e9q;Предотток
21c4dq4g;Лояльные
19bb75bb;Отток
3d535g55;Лояльные
2676d6dw;Отток
e7454w6b;Предотток
b87d2wc3;Отток
w8g4cg36;Спящие
ebb52991;Спящие
13c85275;Спящие
qd12577b;Отток
86dqwdb5;Отток
g3w17wbg;Отток
6gbe6qwc;Предотток
9g482473;Отток
87b2q2b7;Отток
c4q447d4;Отток
g8166286;Лояльные
gb11wddd;Отток
521d5e4c;Предотток
qqw1536w;Предотток
cqg511bc;Отток
3761e1gw;Предотток
qbq15gc5;Спящие
ewc888b1;Отток
79dc7be9;Предотток
441w19w8;Отток
b9b876ge;Лояльные
2c328212;Лояльные
d7c1c4b6;Спящие
g68bg458;Отток
3qd3e5be;Отток
qegd46b7;Предотток
4d56cbde;Лояльные
819w3972;Отток
gde7143d;Отток
29g3ewcd;Отток
4561c42b;Спящие
q5e86c94;Отток
1gq792d3;Отток
7563wqgw;Лояльные
39d8w71d;Отток
9g66dq5b;Лояльные
28cb8c9e;Предотток
47937b6c;Отток
ccq238c2;Лояльные
cb766g79;Отток
w1q3d7ed;Спящие
785w776c;Отток
9548c36q;Отток
w9361q8b;Предотток
1c89dbgd;Спящие
5e4c34q4;Отток
466cqcgq;Отток
5135798q;Лояльные
b9qcc7wc;Предотток
7q4d13gq;Лояльные
9c1q68e4;Предотток
d95dew1d;Отток
ew3192bg;Спящие
4164986d;Отток
wqg5985e;Отток
7448wg97;Предотток
qe94471g;Отток
b7wgwbg5;Отток
c67be3ec;Лояльные
e4578e3w;Лояльные
7wdeqcg3;Отток
46w2g541;Спящие
q572bwwc;Предотток
wd21dqde;Отток
dwc81d67;Предотток
q882eg89;Предотток
7298b3q5;Отток
q732w4q6;Предотток
d5ww517b;Отток
3c345d95;Отток
3c94ccc2;Отток
983gd56e;Предотток
2115qg93;Отток
3c94ccd2;Отток
ccwg4w59;Спящие
w4dc4g6b;Предотток
1ww37gwc;Отток
d61wd2w9;Предотток
494g11c6;Отток
98ed29g8;Лояльные
we977w89;Лояльные
46wc1w73;Лояльные
63425eq9;Отток
w582dw54;Спящие
b6w4q9c6;Отток
8egq6q28;Лояльные
8gqd91de;Отток
gg2e2qg3;Отток
173eww18;Лояльные
969c4gbg;Отток
wdq1qb5e;Предотток
994gb51d;Спящие
cqc96q76;Лояльные
g7geg444;Спящие
be662cq5;Отток
w145b338;Спящие
11e33c66;Отток
w9qd6ec1;Предотток
489c877c;Лояльные
wqb196g5;Лояльные
3cq6beqw;Отток
3cq6beb3;Отток
4eb9g745;Отток
3be59b48;Спящие
5de5e136;Спящие
522623g5;Предотток
88qwe51g;Предотток
8w3dc7db;Спящие
w75c8788;Отток
36391be4;Отток
5c314wb4;Предотток
g1g117b6;Лояльные
q6q48ee7;Лояльные
862qcqqd;Лояльные
86c7249w;Отток
553c57qb;Отток
c88633e1;Отток
e1bgqcbd;Отток
7qw27q45;Лояльные
11c9w98w;Отток
4656gb69;Предотток
6w8263dc;Отток
e9bweqq5;Спящие
64q84g14;Отток
7c7ebd7d;Спящие
g7q53d6c;Отток
8w46gwqq;Лояльные
q97625ee;Лояльные
4w1g9277;Лояльные
w68w1718;Отток
73b69q72;Отток
6w51dbc4;Спящие
dwwwe1d9;Отток
d5dgegq2;Лояльные
13g93g6g;Отток
cwe44c4b;Отток
78d9b4e6;Отток
4c28g491;Отток
c5d4bg7e;Лояльные
ecw6e65g;Отток
55ebe41c;Отток
cg4q689q;Спящие
5g6q4112;Предотток
75g65d1w;Отток
667g318b;Отток
gqq3b877;Лояльные
6b541c24;Отток
9bec9856;Предотток
1qbw1w94;Лояльные
31875wg5;Спящие
q66e2111;Отток
3w5945q5;Спящие
899e33c8;Лояльные
21dee11b;Предотток
1gw57394;Предотток
c31281b1;Отток
88573cqc;Отток
26qq6ceg;Отток
e51b1q6w;Спящие
9qd2bqew;Отток
w7w7c9ee;Предотток
6739647w;Отток
q41w6c5c;Предотток
e67g9b3c;Спящие
3d19e2gq;Отток
7g4dqb4d;Отток
4587q8q8;Предотток
cwqg32c1;Предотток
d472qe81;Отток
6g7wb996;Спящие
d4292ed6;Отток
9768913c;Лояльные
4e8b4e43;Лояльные
cb2ewdw5;Лояльные
162e6q5g;Спящие
ce2gq71b;Спящие
2cqg48wg;Спящие
wed52qd6;Отток
86546wee;Отток
e21cwdec;Лояльные
d7ggb58b;Спящие
98q1441g;Отток
dg331374;Отток
9db61e21;Отток
cc735dg9;Отток
63qc7392;Спящие
72b5978g;Лояльные
788d1441;Спящие
e7g8bed9;Отток
4c3ge8q9;Лояльные
q117b5eq;Предотток
g8344c33;Отток
ed91d19w;Лояльные
36e8dqb4;Предотток
6c35ebw5;Предотток
62b465gc;Лояльные
4256717q;Лояльные
2e59w621;Предотток
b894b79b;Отток
5ccb7cg2;Отток
w3g4d9dc;Лояльные
w8721g2w;Отток
965418db;Предотток
891qg5b4;Отток
3c3c6362;Спящие
8c8e8678;Спящие
93388de6;Отток
w975g47q;Отток
ec55de8b;Отток
76955e89;Лояльные
c8d8dew7;Спящие
844dd5dg;Отток
beq2cdw6;Отток
dc976357;Лояльные
5d73c695;Предотток
gcdb94be;Предотток
2ebe892e;Отток
qq7qg52b;Лояльные
962279wb;Спящие
8349edb4;Отток
w9ccb8we;Отток
ce5c8gqc;Отток
b257gde8;Лояльные
bgebc2ee;Отток
4277c59w;Отток
819b4255;Спящие
2657ebee;Спящие
3q6b8349;Отток
917789ww;Отток
ewc5q2q1;Спящие
q4w232b8;Спящие
d3d15w47;Лояльные
ged9wqgd;Отток
e3wd13q8;Отток
dcbd872g;Отток
dg3dcd4b;Отток
q132243q;Предотток
c8w6e1dd;Отток
8q866w47;Отток
g1q9wb4g;Предотток
wc75ecqb;Отток
15g91c6w;Отток
2q4e9618;Отток
8dewdq65;Отток
3qqb9911;Предотток
cd4e9bb4;Предотток
2w4g3bg1;Спящие
b76gg9wg;Отток
wc12q343;Предотток
dd52wc99;Спящие
29w88cw1;Отток
dew2b863;Отток
qg6be5e9;Предотток
q9qe1db9;Отток
w3q42e41;Предотток
44wg447w;Отток
98e151eq;Отток
g55379d2;Отток
q28695w6;Предотток
1e8d5d98;Отток
e6378wgw;Предотток
g13gcwg2;Лояльные
bcww7db5;Предотток
9313w6ce;Спящие
28749gqq;Предотток
64bcbbq4;Лояльные
b4wq1d29;Предотток
5bqd19d9;Предотток
gbg777w8;Отток
445cwbec;Отток
d1b5cq1e;Отток
182w7e84;Лояльные
934e8314;Предотток
dqc555bq;Предотток
9ecqbc11;Спящие
b99d8bce;Предотток
d3bgw2qc;Отток
9e97176d;Отток
49qd6w4w;Отток
e41wd544;Отток
4c647g58;Отток
eb4qceb7;Лояльные
ee3eg153;Спящие
78cweq82;Предотток
4dce5g5g;Спящие
23qb6ce7;Предотток
w4qqq755;Отток
d86151d7;Спящие
4bw82216;Спящие
e7dw692d;Лояльные
9363g561;Отток
829weg1e;Отток
eg6568cg;Отток
9wb63847;Отток
we493g61;Лояльные
779eb453;Отток
w2252e11;Отток
cw6w5361;Предотток
q1b3c13w;Отток
48d162q6;Спящие
4485b312;Предотток
1eg36g78;Лояльные
5d19e2wg;Отток
w7e352ww;Предотток
5b488g22;Предотток
779dw726;Отток
4b26b1g8;Лояльные
9dc4eecc;Отток
9815wq3d;Отток
c2g21d9d;Спящие
qdwg31ee;Спящие
352wb32g;Отток
4w6w6545;Лояльные
56364218;Предотток
52771529;Отток
77d3ec67;Отток
bqc6w544;Отток
977d9187;Предотток
e7w86572;Отток
bb983d7c;Отток
2e1eqgc7;Отток
q42gc5qg;Отток
22cwe9cc;Спящие
2gw9q68w;Лояльные
523g14ew;Лояльные
1ec6e895;Отток
563cebq5;Отток
25gqqd8e;Спящие
255488d3;Отток
3w317895;Отток
367q6g6d;Спящие
ed691w5q;Отток
e263e77d;Отток
4gw58388;Спящие
3629dwcd;Спящие
457g67gc;Отток
qwddece8;Отток
41e5455d;Предотток
d61d4e3g;Спящие
c16g818c;Спящие
77b13dbq;Спящие
eg6qeedd;Отток
g439ge38;Отток
66dq658e;Предотток
c54bw6e9;Лояльные
91e8q5cb;Отток
8e11e5e6;Спящие
5q9b9645;Спящие
b3524qc4;Спящие
68461w57;Лояльные
wg1e335c;Отток
qqwdd7bc;Отток
39161e7d;Отток
5b86q4dw;Отток
9525b7d2;Лояльные
7d4cc56e;Лояльные
b61871e9;Отток
1q6579d4;Отток
8qw21be3;Отток
e634q668;Спящие
17c2wbdq;Отток
5ewb68e9;Отток
c6893bqq;Отток
9becbew1;Отток
ewe7e573;Отток
7b8qc56w;Предотток
73711625;Спящие
3q8w1b3w;Лояльные
c1881ebc;Отток
85cc32qw;Отток
e217qc9q;Лояльные
c54b5419;Предотток
g6cq91wd;Лояльные
22b44w94;Спящие
q54e8c99;Предотток
52g5b346;Предотток
q5b2w4bq;Предотток
9q794225;Отток
2cq2g68w;Предотток
6c69618c;Отток
cdqq5dbc;Предотток
447q1ggq;Лояльные
58c732q8;Лояльные
8dewqde7;Предотток
9c1dwgg6;Отток
2qb7c4gd;Спящие
d92656g7;Спящие
3wc4b4cw;Отток
w1bd517q;Отток
42gqddww;Спящие
4g658455;Лояльные
d9eqe191;Предотток
5qb4gqe7;Лояльные
71g8g141;Спящие
d696bcgd;Предотток
28e32e92;Отток
q45531d7;Предотток
2c2gq5q4;Предотток
216dc79e;Предотток
65e6493d;Лояльные
5d1q27q8;Отток
c32qq597;Спящие
886cw4ge;Отток
d6wd9662;Предотток
c293e19b;Предотток
68347b88;Предотток
3dq3673g;Отток
5688e4bc;Лояльные
cq62ce68;Спящие
w2d54d65;Отток
55e6c262;Отток
ed9e83e9;Отток
c139qe26;Отток
qg3d2bbe;Отток
bqwc3846;Отток
q44qde56;Спящие
g83w547q;Отток
77d2q8b7;Предотток
c799362q;Отток
wc1c93bw;Отток
q5643b4b;Спящие
21q3b345;Лояльные
e6cb64cg;Спящие
bc371cq3;Отток
6q55q17c;Отток
6gc2g9q8;Лояльные
wbg4q5bq;Отток
9d288221;Отток
b6bq7ebb;Лояльные
3d744c38;Отток
eqq86112;Отток
2cb62574;Отток
7d423dwd;Отток
cbe9d438;Отток
bb84bg27;Спящие
9wed328c;Лояльные
53qbw245;Лояльные
q134655d;Отток
gq39wddw;Отток
bd59g3cd;Предотток
63beq638;Лояльные
wcc973c8;Отток
27cq97w1;Отток
w3q6q344;Предотток
e414ge8g;Предотток
2d1wc17q;Предотток
4q236qdc;Спящие
84w9e873;Спящие
912dgqdw;Отток
eg5419gw;Отток
51e3d32d;Отток
bc8g928e;Предотток
cdc92dqg;Отток
11d4d2q3;Спящие
2d2w44qe;Отток
251qwwbb;Спящие
193435qc;Отток
d3d7ge5w;Предотток
2q24b476;Отток
594qcbc6;Отток
gw7wb334;Отток
b3eg9bqg;Предотток
1eq53qg5;Отток
318gd15g;Отток
q3e43d7e;Отток
71b188g3;Предотток
584cee7g;Отток
c6831w3q;Отток
qdc9d4w9;Отток
33cd9wwg;Отток
4c8w84cb;Лояльные
188wqc1e;Лояльные
cw8g6759;Отток
16636ce6;Предотток
7g6q49db;Отток
g36de11b;Спящие
16eg8e38;Спящие
eq711269;Спящие
4ge25qb9;Предотток
bb731wg2;Отток
46wwbee8;Лояльные
5q5w3w3q;Лояльные
96d3w81g;Предотток
4164bwwc;Спящие
gc9g4e54;Отток
ww29w387;Отток
b243q7qq;Отток
5d2eb4w4;Отток
29e671ew;Спящие
4477b9w3;Отток
1958cc62;Отток
3cw136wg;Спящие
g5181cq8;Предотток
5qgc3gdc;Отток
eeq5d9gw;Предотток
d9d42gw7;Отток
934e83gd;Отток
392691w2;Предотток
w26d69b8;Отток
ggq79bg3;Отток
2856wwq4;Отток
6967175d;Отток
18bd299c;Лояльные
5c733776;Спящие
416c36wc;Отток
11763259;Отток
9g357gce;Отток
3125eqwc;Отток
c1qggb75;Отток
ggq79b15;Отток
4wcgd735;Отток
cq8c51c3;Отток
b354cqq4;Лояльные
ebd815q8;Предотток
1q538d91;Отток
wwbb94cw;Отток
6b576826;Спящие
26g5w31g;Отток
7cw446e6;Отток
641584b9;Лояльные
6bq1bc38;Лояльные
237cg92g;Спящие
g3238g2w;Спящие
443g6dg4;Спящие
46bq35e4;Отток
c739q8e7;Отток
e536w6q7;Отток
eq83b172;Спящие
8166gcb4;Спящие
q6g3g4e2;Лояльные
e64583g5;Отток
w682b6c9;Предотток
qcqw869b;Отток
552362g9;Отток
84786q26;Лояльные
1e2725bd;Спящие
ec618652;Отток
b1w5q8q8;Спящие
w68w7373;Предотток
7374egg2;Отток
b49519ge;Отток
bg96b6w8;Отток
w18qg32e;Отток
e8eb93b2;Лояльные
3345q1bd;Спящие
45356web;Предотток
b19e5be9;Отток
b76b4d7g;Предотток
d441gg37;Спящие
6d3we6ee;Отток
6ww76e85;Лояльные
2ecgw332;Предотток
812895b9;Лояльные
ecebw847;Предотток
77wdq4cd;Предотток
ee3bw3e5;Отток
4d2gc9ww;Спящие
1ccecd3g;Отток
49bcd783;Предотток
d8q5b867;Отток
9weqqd5w;Отток
3q4gwdd2;Отток
q65ge9gc;Лояльные
3bcg1g84;Спящие
eebc3675;Отток
d2698d2d;Отток
d58g6822;Отток
6ded5bcb;Спящие
ece881c7;Спящие
8q52q51w;Спящие
w95q8762;Отток
d6w596c8;Предотток
6c367624;Отток
5w2w511g;Отток
ew491ww3;Предотток
925c9681;Предотток
wcc1d619;Отток
918b289b;Предотток
4913gg1b;Предотток
4w62e685;Лояльные
e931ced6;Отток
54623865;Отток
2q7dcqe5;Отток
4q8ee511;Отток
c5ceqb4e;Отток
189qe16g;Отток
1d21113g;Отток
q7cq5cb6;Спящие
5de2bqwq;Отток
44487wd1;Спящие
d5953g5c;Предотток
b783wqd7;Отток
ce6b411w;Отток
9w926212;Отток
98bb59g2;Отток
7c95e32b;Отток
142c2g61;Отток
4dece5g1;Лояльные
789ew4wc;Лояльные
c7wg9e35;Лояльные
71ggbwd8;Отток
8d9eg21b;Отток
8cc81q59;Предотток
qb27q779;Отток
c13577d6;Предотток
e56de394;Отток
6w46c96q;Спящие
68d92ed9;Лояльные
bdge147e;Отток
e215we35;Отток
e215we3b;Предотток
gd435b33;Отток
64gw5c9d;Спящие
1612bqbd;Лояльные
b9e373g7;Отток
18cwe1ge;Отток
b8e56351;Лояльные
48wd97e2;Спящие
c92895g6;Спящие
d442g1q2;Отток
d4972c83;Предотток
1gw69w68;Предотток
3cg54c12;Спящие
cb7425b1;Предотток
wgq7w53d;Отток
cg795655;Спящие
d4334ecw;Предотток
7b12qd1g;Лояльные
c9289513;Отток
63d39b6w;Спящие
5b27wwd4;Предотток
22wgc34g;Отток
1qb3cq85;Отток
egdd73d3;Лояльные
8q24g37c;Отток
3d18e294;Отток
d3d93wq6;Отток
7b72b26w;Лояльные
dg7w2947;Предотток
g7geb31e;Отток
615ee82g;Спящие
5q4w6gw9;Предотток
21d2954g;Лояльные
2w3e3c66;Лояльные
59g8dqb8;Отток
42ee4896;Отток
13egq72c;Предотток
1dded2d1;Отток
45q2dc92;Отток
9bdc67dw;Лояльные
qe7889qq;Отток
6gccg3db;Предотток
w37c54g1;Отток
3cgq1e84;Спящие
6bqd5d36;Предотток
2d2427q5;Отток
4698q4gg;Отток
5b4ew3ee;Спящие
bb793c2c;Спящие
w7w6eg1e;Отток
15e5bg8q;Предотток
28849897;Предотток
c86gg669;Отток
7ddb9c28;Отток
ed2ddw9e;Отток
d9d3e73w;Лояльные
738e6159;Лояльные
eee1cb1b;Отток
b1gb5cc3;Отток
b9g62dec;Лояльные
be52bdd1;Предотток
q2w54w4q;Отток
8c6w57g6;Спящие
q2w54w51;Отток
d373g8c2;Отток
2bq46cq1;Лояльные
b7beg5c4;Отток
5d67be44;Предотток
6qg75bc7;Отток
9eqd554g;Отток
cc3qqgw2;Отток
c8gg9dw1;Лояльные
ecd7d64b;Предотток
4cg18qd8;Предотток
w3bb7b9g;Спящие
4b4c3e24;Лояльные
d1wc1343;Отток
3385q5gb;Лояльные
4481424q;Предотток
43b84w96;Отток
9e9d15ge;Лояльные
6g9c2we3;Отток
43b84wqb;Отток
4g464dbq;Отток
41cb5661;Спящие
d2d29ge8;Отток
d4egd536;Предотток
1w221gew;Отток
6c91b868;Спящие
w62e5d68;Спящие
q9w988cc;Отток
492g256c;Спящие
gwb62g81;Отток
q9q6q916;Лояльные
gd71wdww;Отток
782w75bc;Спящие
6c56eq76;Лояльные
b4q7wwgb;Отток
76wdw1dd;Отток
d6d7442q;Отток
2wddqbbd;Лояльные
w3w3e3e8;Отток
gecg1d93;Предотток
44b2d7wd;Отток
gbg9eqq4;Отток
dce46g8c;Отток
225qwqe3;Предотток
2qqe23c1;Спящие
5277wbdq;Отток
cq688gce;Отток
44q421b4;Предотток
548d7e2g;Спящие
4cge1qc7;Предотток
q48bg566;Отток
3cdc871g;Отток
1348338g;Отток
2q948574;Отток
6131c9c3;Предотток
461826c4;Отток
b4721dgc;Лояльные
51938gbc;Лояльные
c6e8eg74;Спящие
86egcq73;Отток
871b97be;Лояльные
c4783715;Спящие
51d942qb;Отток
4g88c76w;Отток
51d942b1;Отток
6e7ed1bw;Отток
q2beb67e;Отток
17cq774d;Предотток
5wcegg99;Предотток
1963e8cc;Отток
44c33ec3;Предотток
wbq95295;Предотток
e931cw1e;Предотток
4eg7c8w2;Предотток
6w6c8828;Предотток
e434ce21;Отток
e961cwq1;Спящие
434ge46e;Предотток
63q3828c;Спящие
51e3b6we;Отток
de752gd2;Отток
15bb332q;Отток
189e6921;Лояльные
e2g3ewcc;Предотток
844d6dq6;Отток
d959e7w1;Предотток
2775cb17;Отток
wbq195ec;Спящие
1e45g6e9;Предотток
8dewc5w2;Отток
47cwcg51;Отток
cd24wc53;Отток
8dewc623;Отток
4ceg4c55;Предотток
qd9d5ew7;Лояльные
c2c24769;Отток
16wgc3e9;Предотток
bb18c3ec;Отток
bb7626c4;Спящие
34cd232e;Лояльные
52w34285;Предотток
2e2wd72c;Предотток
33d6892q;Отток
489362cq;Отток
536wgdew;Предотток
eb3ge57q;Отток
369q931c;Отток
22744q52;Отток
681w9bwd;Отток
6bde336g;Отток
924beqdd;Спящие
qqw8ed99;Отток
7gg33db6;Спящие
g43cd9bw;Спящие
e1443cg4;Отток
13q938b6;Предотток
gcgg763b;Отток
cwc18c85;Предотток
c1gdwwcg;Отток
647bq2q6;Предотток
w6g4gwdg;Лояльные
q28e7c4d;Предотток
14d6w748;Отток
q1eb7925;Лояльные
gcb511gb;Лояльные
5d1b9ge4;Отток
5qcegc19;Отток
w64ew7e9;Предотток
e3ge8d82;Спящие
4e9d6qdb;Отток
628758gw;Отток
w625eg19;Предотток
62875816;Лояльные
8ec8ed78;Отток
91q87235;Предотток
d83de373;Предотток
41c3g944;Отток
q6bbb594;Отток
w84275e3;Спящие
254qqdc6;Лояльные
e7e93385;Предотток
77gc9d25;Спящие
82q3wd17;Предотток
4cb97g39;Отток
ww562d1e;Предотток
dbd24gd7;Предотток
75q813g5;Отток
wqqc1q9e;Предотток
we8q1c5d;Отток
5g8dgd3b;Отток
213w2e77;Предотток
2beg286c;Отток
qd6q9edw;Лояльные
89e1g4e8;Отток
d8cew23c;Отток
63d39b6d;Лояльные
qb3e6d8b;Отток
9b1423cd;Лояльные
68cdb8wq;Отток
2wd45492;Лояльные
c468w775;Спящие
9b2gge35;Отток
d791265c;Спящие
g68q3g9d;Предотток
w5d4d71q;Спящие
3119371e;Отток
de443g48;Отток
5b15qbb4;Отток
wgebg74q;Спящие
cg1d75ge;Предотток
b328dc3e;Спящие
dw3d7ge2;Предотток
1q8eg775;Лояльные
ggeq3617;Лояльные
edecw88d;Предотток
g4w53qe9;Спящие
d719w98e;Предотток
gc2862ww;Предотток
gg5138ed;Отток
3w7w3947;Отток
w1c78e73;Отток
g366866b;Отток
q69d3887;Предотток
3w7w396w;Отток
141ddbwg;Лояльные
wwg38ecd;Предотток
37168331;Отток
8qwd6w5e;Предотток
d7232c2w;Отток
3b455q14;Предотток
cw7854c5;Лояльные
b85g8w27;Отток
cbbe9bw4;Отток
e946w75e;Отток
eb745qb6;Отток
8b945354;Предотток
998ddbbb;Отток
6cec8q75;Отток
b442ewqe;Лояльные
bb4cw9e5;Отток
g68q3b6g;Отток
www1bg64;Отток
5qggwc2g;Отток
w87g4w4g;Предотток
c23189de;Отток
b8g8g71b;Отток
gbwb5993;Предотток
24296184;Отток
wd2cw72d;Спящие
58w275c8;Отток
e843cd75;Отток
556d48q4;Отток
c17c577g;Предотток
g81b99g5;Отток
23g86w94;Предотток
19bw4w2e;Спящие
g686ccg3;Отток
95b3eew1;Отток
431e87cd;Отток
9q73233q;Предотток
1eq7g57w;Отток
51d3g9b7;Отток
d11b395c;Спящие
298w3e51;Отток
bw1d64q6;Предотток
674255cg;Отток
399e226w;Спящие
85259g5w;Отток
983wqgd4;Предотток
59dgw81e;Отток
1gg2398q;Отток
e652w398;Спящие
6216q41w;Отток
129998b5;Отток
18131874;Предотток
ew159e23;Отток
92g4q26w;Предотток
5db7w925;Спящие
729dww38;Отток
qd424d7w;Отток
q6727811;Отток
67c1q15b;Спящие
bwcq6wq8;Предотток
5797e2gb;Отток
48d16299;Спящие
3ggq1q22;Отток
96dq84b9;Спящие
3ed17q22;Лояльные
gc3297ee;Отток
53qbw24c;Спящие
9w83811d;Отток
w9q9b6b5;Отток
bw4b924g;Отток
b4c5b5gg;Отток
c6765e8g;Лояльные
51g72q69;Отток
43bd44d7;Отток
2c57cc1c;Отток
4142bbw7;Отток
941cd94d;Предотток
q13g34qb;Отток
959bq2qq;Отток
d8gq4bwe;Предотток
9dd4e475;Предотток
w1755d34;Спящие
b6qd398d;Отток
w88we45e;Лояльные
9w5q2337;Отток
11q3qcww;Лояльные
be2q2gec;Отток
7b9bd36e;Отток
5q7cd369;Спящие
8d48eed8;Предотток
41qd54b8;Лояльные
gd2479d8;Отток
323w13wg;Спящие
8c735q3c;Отток
d4342g12;Лояльные
6w6956d3;Лояльные
w86g33c7;Отток
b9qd864q;Лояльные
b4c33e47;Спящие
d4cbb9b8;Предотток
wgw823c1;Отток
8w9g29qw;Отток
5c14314w;Отток
g2wg3q4c;Отток
w1994d6w;Отток
b6bce628;Отток
4477qcdb;Спящие
632b7598;Отток
6bd37177;Лояльные
8dq4e8w1;Отток
d924758g;Спящие
3w446b73;Спящие
7d83w463;Лояльные
2e1eqced;Предотток
28e7b796;Предотток
c2eg6qw3;Лояльные
18c837cw;Предотток
5g895dbb;Спящие
ew114424;Лояльные
q5bq8e65;Отток
38bw4946;Отток
19c42c8e;Отток
9qq9e8ed;Лояльные
g74dedg6;Спящие
5w718574;Спящие
72e97d6e;Отток
13gb1754;Отток
16w52558;Отток
qee5q338;Отток
c7e57598;Отток
ed2381db;Лояльные
8w18dc4d;Отток
w3384bb4;Отток
d13q1b9d;Спящие
8945wegc;Отток
e4wedw5g;Отток
g2bc1395;Спящие
2eqbe62q;Предотток
81gg34gb;Отток
w2bbe996;Лояльные
bqe57983;Отток
4g4dc7e5;Отток
cbgqbwc2;Отток
gcw759d2;Отток
2wb3w6cb;Спящие
w74q87w3;Отток
8dq275c6;Отток
wc1g8836;Отток
3c4445bw;Лояльные
g37eqe6g;Предотток
dgw31db3;Отток
95q13271;Отток
45e7139g;Отток
edcqwwdg;Предотток
3q89g4w7;Отток
9wd77d74;Предотток
3e87geb6;Отток
w3384bcd;Отток
wg794397;Предотток
6w3cb9qd;Спящие
w66q9b79;Отток
we1421q1;Отток
992w31cq;Лояльные
q7d5q7d2;Отток
q97587e5;Отток
6wqewcgw;Спящие
6bd37176;Отток
73w37q7b;Лояльные
5ec898bc;Предотток
qqg4879e;Отток
85bwd6q6;Отток
2ccg7q3d;Отток
qb399bbq;Отток
w537113d;Спящие
36c161d8;Лояльные
dq53gw85;Отток
354196cg;Предотток
bbqee9b4;Отток
5c61292w;Предотток
q9e25333;Спящие
c5bq518q;Отток
q13w3q74;Отток
9bbw47cb;Предотток
9551eb1q;Спящие
556772bq;Отток
389bg3d5;Предотток
251w2bd6;Лояльные
115q5b22;Предотток
6bg83q49;Предотток
b529q9q4;Предотток
96dg9ddg;Отток
849bw89b;Отток
7gbc3geq;Отток
52d51de8;Отток
71872eb3;Отток
d6cbbd56;Предотток
g8q7663c;Отток
gc24dw71;Отток
bqegge73;Лояльные
756beed1;Лояльные
665c1d63;Отток
477w5ewd;Предотток
g827e8qc;Отток
dde3gb75;Спящие
q49q9q9d;Отток
w3867q9c;Спящие
b6853ggw;Отток
q75bew78;Отток
q584gb35;Отток
de8w8966;Отток
bcq7bg68;Лояльные
e143e245;Лояльные
g2655356;Лояльные
32w4b392;Отток
q584gb4g;Лояльные
743ee164;Отток
d27ee5d7;Лояльные
egcd4d7d;Спящие
81b9733b;Отток
9w12bwc8;Отток
e628de5b;Предотток
ggg5egd3;Отток
gew97992;Отток
554q7428;Отток
151c8d2w;Отток
57812959;Отток
dd8w85db;Отток
28c4cbg7;Отток
c1ge73c8;Отток
77we62c9;Лояльные
d672ec14;Спящие
dd8b6e2c;Предотток
c1q6b698;Отток
718c8785;Предотток
qqd21958;Отток
1141712w;Отток
be39cdw1;Отток
9b8764wb;Отток
qbbe68c4;Спящие
geq19q16;Отток
cw52bc24;Отток
466d5d1w;Спящие
cw28456d;Лояльные
9c7gcdbb;Предотток
99d4669w;Спящие
qq89d146;Отток
cgdw66b1;Предотток
ge788w57;Спящие
wg9117q9;Отток
b2433ee3;Отток
egw28qg8;Лояльные
353366d1;Отток
q876w21b;Отток
d99b1b56;Лояльные
8854qg45;Отток
12wcd39w;Предотток
6w552885;Предотток
78cg7814;Лояльные
b25q5w97;Предотток
e536w678;Предотток
d5w1q2ge;Спящие
6985wwd6;Спящие
562958de;Лояльные
24c1332c;Лояльные
663q7c6q;Предотток
b4dbb1w4;Лояльные
22dwgd36;Отток
9w239qb4;Лояльные
4b2g9b4b;Отток
b6ec16w8;Отток
5de65cd4;Отток
73d4w2e5;Предотток
q7cc5777;Отток
b7799qgg;Отток
25ggb3wq;Отток
5gq96b5g;Отток
82wc61g6;Предотток
6e55wcb2;Отток
297dg3ge;Предотток
w81dc137;Спящие
48c6727q;Лояльные
d1ww734c;Отток
wc374171;Отток
3e9gd6cc;Отток
324gg2b8;Отток
2gb17c62;Предотток
1651geqb;Спящие
w9cc1151;Отток
g6ddg68e;Лояльные
g4bce6bw;Предотток
3825wqw8;Отток
g67q3192;Отток
b45ggc58;Отток
e4368w2w;Отток
2q9w1d22;Лояльные
9qw1bw8c;Лояльные
82w6gqeb;Отток
q62cccgg;Предотток
eb2w6b76;Отток
16499432;Отток
db194d75;Отток
c599c8g9;Спящие
1bqq7g34;Лояльные
227c8q1c;Предотток
42941g8d;Отток
w2e4b439;Отток
e45891b5;Отток
79117d98;Спящие
d916cc21;Отток
c4577e5q;Лояльные
d41b2c82;Спящие
84b526wb;Предотток
g56292g2;Отток
w6q7484c;Отток
6eg66913;Отток
2c7881wg;Лояльные
17wec197;Лояльные
2q4q79bw;Отток
17wec1qc;Лояльные
5qggg2e5;Отток
22e17728;Отток
2d91q4de;Отток
48g636b8;Предотток
qcw75e9b;Отток
1w5d85g3;Отток
587c2cw2;Предотток
e17gq796;Отток
9gcc2qq1;Предотток
5cd3g276;Спящие
66q9267g;Предотток
c3519w68;Отток
wb265b6g;Отток
6436ee41;Лояльные
2be96www;Лояльные
91w9937d;Спящие
363bq123;Отток
5q9c6174;Спящие
2c436ceq;Отток
d5g56geq;Отток
1d413e5c;Отток
wq744w84;Отток
wq744w8q;Отток
827e996w;Спящие
1egw3645;Спящие
46q343b6;Отток
d1e547g5;Отток
9q3qee46;Отток
791473eb;Спящие
44cg8edg;Отток
98ebed65;Спящие
4b324b66;Лояльные
28ge75bg;Предотток
2b1e997d;Отток
33g8q7be;Спящие
36q97762;Спящие
ce61q3bb;Спящие
98gw414b;Спящие
2g4ebcb6;Спящие
7e43e8q1;Спящие
wd18w2q2;Лояльные
e25w4qe1;Отток
qb3b8484;Спящие
e7e5c2qg;Отток
dwbc4b1d;Спящие
d22871w9;Лояльные
93q19567;Предотток
dq4581cc;Предотток
q32ccb4c;Отток
q17b7qcc;Отток
3bc3q7c7;Отток
2dcg8ddg;Спящие
8919c1ee;Предотток
b64cqd4e;Предотток
33wedbw7;Предотток
32ddc78b;Отток
cd8264q4;Отток
224g4d5w;Предотток
cedb4944;Предотток
49922be4;Спящие
3d1633d6;Отток
dq715122;Предотток
383egb17;Лояльные
g43b27gb;Отток
b415gwg8;Отток
9bq44458;Лояльные
7e35e8q1;Отток
945667gb;Лояльные
w42wqd5b;Лояльные
g28w37c7;Лояльные
b52d22gg;Отток
8986qc76;Спящие
2844c1wc;Отток
de861de3;Отток
9925797d;Предотток
7w9b7w79;Отток
23b84e57;Спящие
7q1dgcb7;Лояльные
63473e33;Предотток
13g8w195;Предотток
w58d9bew;Спящие
6e854815;Отток
6be24e8g;Предотток
529131b1;Спящие
c5d18353;Отток
2wdc9c91;Отток
1b71wec7;Отток
5bb75394;Отток
c7ww8b84;Отток
34c11q8g;Лояльные
98329c6b;Отток
gb63wq42;Отток
db1132gw;Предотток
44w2c921;Спящие
3qc6541g;Отток
qdc11d6e;Отток
e8qqwq1q;Лояльные
3c3w9e73;Лояльные
qc2q39c9;Отток
797c315d;Отток
3c47qq46;Предотток
d91b5qeb;Отток
282dbd7q;Отток
d817bb71;Отток
6dwg68b6;Отток
287b3qgd;Отток
4137eb3w;Спящие
2e3de73b;Предотток
w7271237;Спящие
bw794wqe;Предотток
5dbqe4gq;Отток
74c1ec22;Отток
842b7we6;Отток
c63289b6;Отток
g3bg3353;Спящие
bcc8c28b;Отток
961g5bg7;Предотток
bc7863gd;Отток
2q71gd44;Лояльные
b144c781;Предотток
c63289cq;Предотток
314e9q36;Лояльные
9q19bq6w;Отток
82g4g517;Предотток
787edecg;Спящие
ggd4ce53;Предотток
4w77qb28;Отток
2g842142;Отток
qg54d244;Лояльные
qq4qq4q7;Предотток
cq5gcd76;Лояльные
d78dqd4d;Предотток
ebq666bc;Спящие
74b1942d;Отток
bq6c229q;Предотток
24c36c96;Предотток
47c7qee9;Лояльные
d91edbb8;Отток
497b5gdw;Спящие
2w42596e;Отток
876w91c1;Спящие
d55cd5cg;Отток
w21g7b5b;Спящие
w55wbwg4;Предотток
8385edbc;Лояльные
gb8w6qwg;Лояльные
7w83g48w;Отток
d9q8eq23;Отток
b98g1939;Отток
qb29522e;Отток
b331b684;Лояльные
629829bb;Отток
629829c2;Лояльные
we8g1d9c;Спящие
717be715;Отток
eb8c1cgq;Отток
d7d17597;Спящие
76823d5e;Спящие
8wg63b54;Отток
q5e3g4g6;Лояльные
357315q6;Лояльные
1843gbww;Отток
783e2974;Предотток
3wgbbec7;Отток
ewq19ec7;Предотток
wc9976de;Отток
bw8gw519;Отток
8qe1g1d5;Отток
3b86g1b6;Отток
eqe7971w;Отток
7bb5d6w1;Отток
8384qww2;Отток
66q92665;Спящие
2e636q54;Отток
391c3g3e;Спящие
cd57ged7;Отток
q4q91d96;Отток
8qg9e4cg;Лояльные
eg6wd759;Отток
33e18qb7;Лояльные
gq8gqb9w;Отток
1w5e1372;Отток
w2dw9c36;Отток
c6b62cd1;Лояльные
486e72b9;Отток
qgg82dq8;Отток
w54863w3;Отток
b7w8ecwb;Спящие
4qd4c61g;Отток
392qeq27;Спящие
ggc4761b;Отток
7898g6c2;Лояльные
59dg9wg8;Отток
86137c24;Лояльные
951gg428;Спящие
88b9q47d;Спящие
gc156wg6;Отток
e96wd993;Спящие
cq88gdg3;Отток
873w9ggb;Лояльные
gc1qb555;Отток
2q6e5d54;Отток
cq6569bb;Отток
eb79c3b7;Отток
d333qdcq;Лояльные
c9gd2b84;Лояльные
g4de9578;Лояльные
9eb9271q;Спящие
5g7we563;Лояльные
dgw1qb33;Отток
d1872b29;Предотток
we8ebw5e;Предотток
4b1694dd;Отток
1eg54q7g;Отток
28545ecd;Предотток
c781cg3e;Отток
be6e8q2g;Лояльные
wcw3129d;Спящие
6731d4wg;Предотток
84g3c46w;Отток
w4e7b9cc;Отток
d585g7ew;Лояльные
59w5bq9q;Лояльные
d8e3ec59;Предотток
b1978348;Предотток
6g36592w;Отток
7661egw5;Спящие
dbc368g5;Лояльные
15148645;Лояльные
63beq687;Предотток
545w1gq2;Отток
cq9dcw77;Отток
6ww7c931;Лояльные
c18g8bbg;Предотток
7qq92e94;Отток
w7wq4b34;Отток
24d6ddw4;Отток
q683w1w3;Предотток
g136ebg2;Отток
9bqw29w1;Отток
1bg8gddq;Отток
d2b51q8d;Отток
d9e2e3w5;Предотток
64qg86d5;Отток
7w51e724;Предотток
ce28g379;Спящие
87b3264q;Лояльные
wd824bw7;Отток
b745b138;Лояльные
b9b5cg71;Отток
641239c7;Отток
12e6q594;Предотток
29ge14gg;Отток
3be6cd5b;Отток
3c3241we;Отток
q7bqwb63;Отток
e2d5dwe5;Отток
d5bc893d;Спящие
95qg7431;Отток
219775qd;Предотток
ebg4b1gg;Спящие
3632bb27;Отток
9cb437eq;Отток
58464d94;Отток
b34ew6ce;Отток
7b9c6wc4;Отток
31c425e5;Отток
c892wqgw;Отток
59159g8q;Отток
q4516dd4;Отток
d1e2b67c;Отток
ce7gq7wq;Отток
cw68gdw2;Предотток
5d8wdc88;Лояльные
5e749682;Лояльные
6b2524c2;Лояльные
4c71cgc2;Отток
g1d9dwdd;Предотток
1bqq6wd8;Отток
dw4wc9w5;Отток
g9g6674q;Отток
6g185gqc;Отток
58q83q6e;Отток
g1w16e7g;Лояльные
d3dg9g84;Отток
q7792b31;Отток
6366c261;Предотток
eq4c8w7e;Лояльные
27g9d5de;Предотток
bd3qgg99;Лояльные
q2752976;Предотток
4g5g72e2;Предотток
248w3417;Отток
89dc4b9q;Отток
61bgc8c4;Спящие
3252789c;Отток
beeb26b5;Лояльные
b6w4dc29;Спящие
w32bwgew;Лояльные
35g5e4ce;Лояльные
1q5d5749;Отток
e46w75cd;Предотток
b1d45bbb;Спящие
2bqe7c2w;Предотток
4463dc4q;Спящие
dg78dw3d;Отток
w4w73w9w;Предотток
wd4b6665;Отток
869wq29c;Предотток
3g45cbbd;Предотток
11193546;Спящие
cd7326e2;Отток
99wc44ww;Предотток
24734w22;Отток
878b8b9b;Спящие
3eqqc65d;Предотток
cgq5dq83;Отток
5d8gg8cb;Отток
2gcq2498;Предотток
dw68447e;Отток
b24ddgd7;Предотток
7e3c5cq5;Отток
4e73d4g3;Спящие
6442gd8g;Лояльные
c5g427c6;Отток
48d2cqbq;Отток
3bgq1w83;Лояльные
c3b8856b;Отток
11c1ww3g;Отток
q722869w;Отток
9g3cww91;Предотток
cqg1q9qb;Лояльные
31q11e3q;Отток
3wd2e2b3;Отток
b2q731d3;Отток
575w1e99;Предотток
2eqweq34;Лояльные
2qqbwew3;Отток
547e3d2g;Спящие
g86c65w3;Лояльные
ee926g5g;Предотток
16c14896;Отток
c5qb7g9d;Спящие
44ec99d4;Лояльные
8281qw85;Отток
b1795w4b;Отток
42dg8cwd;Предотток
9d46gwdw;Предотток
3dqqcw15;Лояльные
geg76cdc;Отток
663e3wd2;Отток
8ge7bbd7;Спящие
1g3d6e97;Лояльные
5e8eg5qc;Спящие
5bcb6228;Лояльные
6177gecb;Спящие
g3q1q129;Отток
4b5dd94d;Отток
d7558bcd;Отток
9985738e;Предотток
db7eg211;Отток
1e7cg6b8;Лояльные
q35g65d7;Отток
5884wd8e;Отток
2q17ce99;Отток
3ebbg8q3;Отток
89e62wq1;Отток
c8455d81;Отток
155bgdde;Лояльные
4421cbdc;Отток
w8db91w5;Отток
w9e8c257;Отток
9c858b25;Спящие
815q954q;Отток
473b38cg;Отток
4ebg9q2d;Отток
d13c85ed;Отток
9eee8e9e;Предотток
65w9e6g1;Отток
84c7g28w;Лояльные
q9q37gb3;Предотток
e46592e5;Отток
6w8c814c;Предотток
eqbb2271;Отток
42dg6g9c;Предотток
3wb5ww72;Спящие
475cwqd3;Отток
gqwg1qc2;Лояльные
d6b82c13;Лояльные
46291721;Спящие
24b459b5;Лояльные
5egc1669;Отток
3gdc2e87;Лояльные
99ge7e79;Предотток
dg1g3wqg;Отток
c48d77cc;Спящие
285e597c;Отток
g9qg78gq;Отток
cb561cdq;Спящие
35w7e5e5;Отток
6egdq13e;Лояльные
b2433eqc;Отток
2e741767;Отток
cgc6eb35;Отток
16156q7g;Отток
g738wg8q;Отток
3q4qe795;Отток
2q39w59d;Отток
66147b1w;Отток
q9bq3d3c;Отток
67ed5c38;Отток
6c872d9b;Лояльные
55q35b7c;Предотток
8d7cqwg7;Отток
w22g77ew;Лояльные
5w23442b;Отток
4e7bcee1;Отток
716wwq57;Отток
bd2gg355;Отток
e5gqcg3d;Отток
wc1g8832;Предотток
bg89dc27;Предотток
1cgegeg4;Лояльные
152231g5;Предотток
8w1ewe4g;Предотток
q6d3cqwd;Предотток
d9886bd4;Спящие
g35q5e19;Спящие
2ggq28b6;Спящие
ge7qee93;Отток
6569qw11;Лояльные
6cc692w4;Отток
w559wce4;Отток
85g633c9;Отток
gc4b867e;Отток
8g866325;Предотток
wc98e583;Отток
63w65659;Отток
d2qw9c52;Предотток
6q9eqdb8;Спящие
31g73w9c;Лояльные
4q29w38c;Отток
3bwc5eg9;Предотток
wwdewb33;Предотток
83g62ec6;Отток
g8g5c7dc;Спящие
c58163b6;Отток
e9beq7ce;Отток
cg3q9q4w;Отток
dc719b39;Предотток
d1624c5c;Спящие
b9g14c58;Отток
7671ec89;Предотток
54173q71;Отток
154c84w2;Отток
132be24w;Предотток
719gg7e7;Спящие
e6w7e882;Лояльные
we7wceeg;Отток
19762ewq;Лояльные
3d8cb4qw;Отток
e96bqdd4;Отток
dqqd9e68;Отток
8w16b91q;Отток
2ecg9563;Предотток
22277bbg;Лояльные
34812b36;Предотток
7917bde2;Лояльные
51eq9952;Отток
q4869e14;Отток
6dg14b5g;Спящие
51c96753;Отток
75517452;Спящие
2q95w184;Отток
533g7722;Отток
ww1614d4;Отток
dww925c3;Отток
w24d9195;Отток
1ebbgg12;Предотток
1ebbgg25;Отток
52w28e45;Отток
c7e3dq9g;Отток
e483bg53;Отток
9e31bd9b;Отток
159ww568;Лояльные
d6d6b462;Отток
58w275c2;Предотток
1974dq4q;Отток
5egg335w;Отток
q8b99b12;Отток
dd87714w;Отток
8gw8dew8;Предотток
e27d8e4g;Лояльные
qq7ebb91;Отток
66begec8;Отток
c239cwd7;Отток
7g5ed218;Спящие
2q3wwbe2;Спящие
e9bdebb9;Спящие
1cw2111w;Отток
b8eeqde8;Отток
731872bw;Спящие
q72g89de;Отток
551gege7;Отток
36gbw2ww;Отток
6qwc9773;Отток
41576gbb;Отток
5w3483dw;Отток
3e8gc3b2;Отток
dq5d3ewg;Отток
27c8375w;Отток
6bgq8833;Отток
b33263c6;Предотток
3b6946c3;Спящие
399565bg;Отток
41gbg94e;Отток
ee6cqe2b;Лояльные
ecq7c11b;Отток
d816ww56;Отток
b28ecq52;Отток
2e272845;Отток
b21cc53w;Спящие
65w26ee8;Отток
q56beww7;Лояльные
c5g7g515;Отток
693c4e5d;Отток
3qw14qg6;Лояльные
9q81g21g;Отток
1c3c3c12;Отток
8qg68459;Спящие
4cc8deeq;Спящие
dw337b76;Предотток
c9dcbe19;Лояльные
b8143641;Отток
gg47495q;Предотток
wwq9w241;Отток
28w9w5b8;Отток
c1d3ew93;Отток
w9369816;Отток
6e9g26c4;Отток
gg123678;Отток
35w7b614;Лояльные
g8d5b34g;Отток
qeg6d65g;Отток
gqw77b77;Отток
6bd3715d;Отток
17b771d4;Отток
bb13d187;Предотток
56e67gd7;Отток
9w1q4644;Отток
cb9147qc;Отток
79q3e1w5;Предотток
dewdcec9;Предотток
q1edq4c1;Спящие
1bw66gw6;Лояльные
479dgw52;Лояльные
qc8w8wd1;Предотток
6dg6ge28;Отток
76cwecdc;Отток
2bqe7c38;Отток
32bwceb8;Спящие
b617q6gg;Лояльные
167w5c85;Отток
2623e5c8;Спящие
cqc1qbq6;Спящие
eb73qw1q;Предотток
bb88q9d5;Спящие
49q6dw4d;Отток
228q2c39;Отток
eqcbg6w4;Отток
c7b7cw9w;Отток
3w2d5139;Лояльные
c36dwc4e;Предотток
3d8b3wwg;Отток
518be7e9;Отток
cb1612wg;Отток
q3w879b6;Предотток
ce84ec2w;Отток
3d4wqb67;Отток
45w82e8d;Отток
128wb76e;Спящие
c37d2285;Отток
w1b95921;Отток
6148g996;Отток
q65cwe1d;Лояльные
473b3879;Спящие
d55c18q6;Отток
3ecq8ecc;Лояльные
qbe698b1;Отток
d3965d19;Отток
d44g7eqe;Отток
3c255e93;Отток
g3wgb127;Отток
991e3c2g;Спящие
q1wq3we7;Отток
6wb5gw3q;Отток
b369w87q;Отток
9qq73eq9;Отток
w1wc51bg;Спящие
e6g34386;Лояльные
45b3c1q3;Отток
29516c82;Отток
c715447g;Отток
5g5w9b3b;Отток
wqw3gd4b;Отток
3d55d3qg;Отток
c6d59497;Отток
4c73wqbg;Отток
db63595q;Спящие
q9e97e78;Отток
c29294w7;Спящие
b8gb3qb9;Предотток
1859qq87;Отток
c431gg9d;Отток
8376g98d;Отток
6eb33237;Лояльные
cdew14ce;Отток
16653b15;Отток
31dge9g2;Отток
26w38e34;Отток
2wbb56qc;Спящие
dq715113;Спящие
1cbdc6cc;Спящие
6d34g438;Отток
8723gcg2;Отток
5817wq24;Отток
b25qc1cg;Спящие
e61ec251;Отток
gbee9w87;Отток
6d531ggg;Отток
3q9bqb61;Отток
5ce13cbc;Спящие
q71ce311;Спящие
cq14q2b9;Отток
6ww8c73d;Отток
qe14d61b;Предотток
1w5e1354;Предотток
w362c653;Лояльные
6w4qe374;Спящие
8wg5wc4b;Отток
w514256e;Предотток
b99dwq1b;Лояльные
qeqgq63c;Отток
5dqg3g1g;Отток
7g569g75;Отток
d78w32cw;Спящие
53w8qqwc;Предотток
51dd32g9;Отток
bq5q7d35;Отток
6gqdbg9q;Спящие
wcqwc1gw;Лояльные
c5g7gc67;Отток
9ee34588;Отток
9q146gec;Отток
9g7g3964;Отток
7b8528bc;Отток
658wg8de;Отток
9571e8c7;Отток
8g578e89;Отток
wb7c6722;Отток
26bb8978;Спящие
e195634b;Спящие
d4787442;Лояльные
qb5q8989;Спящие
e2d4cc33;Отток
2q5e9g1w;Предотток
8e358q5g;Предотток
9688gb89;Отток
eb3875bg;Предотток
53cq56q9;Лояльные
d39bd35g;Отток
w6eq8137;Предотток
1q9e9w2e;Предотток
9245bw61;Отток
91g841cw;Отток
e8ceg3db;Спящие
5698c1gw;Лояльные
113degb1;Предотток
cdc7q78b;Отток
2cc14e23;Спящие
28g284q7;Отток
28g284b3;Отток
7d3b7b5g;Отток
ww254ggb;Отток
bee34ccb;Отток
435c18dd;Лояльные
6w52cge5;Спящие
56c189b9;Отток
58w224gq;Отток
39dee787;Отток
246e33b7;Отток
g8848cd7;Отток
3qwb733w;Предотток
c6q94dw8;Отток
qq5d25dd;Отток
g46dcb11;Отток
6cc1c2g6;Предотток
9q7b31gq;Лояльные
d3qwc346;Предотток
1bdbq7gb;Отток
41q4dw98;Лояльные
8qc4eedw;Спящие
3165wcgg;Лояльные
315729e4;Лояльные
1eeqb2eb;Предотток
e38wdbdw;Отток
7919cgwd;Отток
1wg1g3e8;Предотток
eece7qw3;Лояльные
e6ddqqgd;Спящие
182cwecq;Спящие
qwd1b18c;Отток
42775wb9;Отток
3q16d3wg;Лояльные
1e712926;Отток
959g476e;Спящие
6g86b7e4;Отток
b558bw6c;Отток
4q332w13;Отток
wd55ce24;Предотток
4dq55gbd;Отток
b9qcc813;Отток
1b84qw3q;Отток
w923qe9d;Лояльные
2qw887c9;Отток
q21c6bcg;Отток
2w491bd9;Предотток
9447cd47;Отток
bb258d4w;Лояльные
3c33q871;Спящие
c6q7594c;Спящие
bd69q1g6;Лояльные
2ec7229g;Отток
8qb1db47;Лояльные
e1c346c3;Спящие
385b8w7w;Лояльные
27bd6q72;Лояльные
c9g473e4;Лояльные
388g57e8;Отток
9c5bb19g;Спящие
4dgggwq4;Отток
38w77985;Отток
c88458de;Отток
gcqgbqde;Отток
8bb7b971;Предотток
ww7gcbdd;Спящие
291c4973;Отток
56895eb4;Отток
5e19511b;Отток
cdebc789;Лояльные
b32q91wc;Отток
6433g464;Предотток
de2b375w;Предотток
6d43b2bc;Лояльные
d2168969;Предотток
9wc6wg2b;Отток
74gbb7b6;Отток
d468we14;Отток
ew9c2896;Предотток
g1bbbdq5;Отток
b864gdd3;Предотток
644b6gc3;Отток
2w3ecc4w;Лояльные
e72576wc;Предотток
b31wq5gq;Отток
6368b6w6;Отток
wd4666b4;Отток
bb46g263;Отток
d76e37c3;Лояльные
78339w81;Отток
d76e37dd;Предотток
4g41ge96;Предотток
cw2b9dd5;Лояльные
w7c9gq43;Лояльные
332w9e51;Отток
3453cd1c;Отток
997wqb5e;Предотток
wqc1359q;Отток
b4b41d13;Отток
cwb348bb;Спящие
929w378g;Спящие
5qw12178;Отток
wd2cw712;Отток
1285754q;Отток
2286234q;Предотток
456bc7d9;Лояльные
3g37gwdc;Отток
q963wb1e;Отток
4d737gq8;Отток
5362376e;Отток
b83158e9;Предотток
ced1g91g;Отток
42241126;Предотток
bqge4252;Лояльные
cq7wgq7g;Отток
724gwbw8;Лояльные
76d6geg9;Предотток
6814b761;Отток
eq2g6q9q;Отток
12cd18e5;Отток
2ed61352;Отток
w5977b25;Отток
8c5g8553;Отток
1g4765b6;Отток
c43c2614;Отток
349e8274;Отток
76c3w244;Спящие
2882g1ww;Отток
5w519942;Отток
9e3q5428;Лояльные
9e3q542b;Отток
gb86997b;Отток
62175e4w;Спящие
8g2bwe39;Лояльные
2db3qgb5;Отток
4299349e;Отток
eb6qd62d;Отток
bwgb4498;Лояльные
48c8qw62;Лояльные
64b3869b;Спящие
147b3e81;Лояльные
w66562q1;Отток
2b13q1c6;Отток
8174gqqq;Предотток
42e8q8e7;Лояльные
1g1dc33d;Отток
q699d7ec;Отток
1d18c391;Отток
7dd449b4;Предотток
547gdgg2;Лояльные
7q5b7652;Лояльные
6db43wbg;Лояльные
63d36qqq;Отток
ecdeqb8e;Предотток
cd958282;Отток
d7g9q537;Лояльные
bec51qd8;Отток
c8144ge5;Отток
g4c15bgd;Отток
96526362;Отток
bc959dew;Лояльные
4w48ee9q;Предотток
g8c1wb78;Отток
gb11wdw7;Отток
q38be17b;Предотток
8ebww24c;Отток
5e276c28;Отток
ggc2c2w4;Отток
196bwewb;Лояльные
q6851622;Отток
e5w66eq6;Отток
ee236647;Предотток
dd7e9c45;Отток
219775q4;Спящие
wddq172d;Отток
8675bd5q;Лояльные
eg4q346e;Отток
6c8182ed;Отток
q88bgege;Отток
7qg9q72w;Отток
3qbeecbq;Отток
9w2b2g52;Отток
5eg5q9d9;Отток
2c3w6wc5;Спящие
93g4e7qb;Отток
dcceq754;Лояльные
7w25d3d1;Лояльные
4866gc94;Лояльные
777cqw74;Отток
999bg192;Лояльные
2b713d96;Предотток
68d52w33;Отток
cb8dwd37;Предотток
645684d9;Отток
d7c3qb1g;Отток
wq4754e1;Предотток
c386dq19;Спящие
eb1823c8;Отток
e82wc252;Предотток
wcb99g72;Предотток
ddbee1dw;Отток
bw3ee8g2;Отток
8e376e5w;Предотток
w9qq73e6;Лояльные
75qdqwwe;Лояльные
253c7296;Отток
9q53e4ce;Отток
68bq37g4;Отток
4e4d1q6c;Предотток
9dwc8dq1;Спящие
w212d93e;Отток
99qbq3g8;Отток
57b739q5;Отток
q496c675;Предотток
3gge11be;Отток
bq85e4w8;Отток
16eb1bg3;Спящие
4gb3e415;Отток
g4bc7eq3;Предотток
651cwbb2;Отток
1894c732;Отток
g9w5dg87;Лояльные
d2q54cbq;Отток
eeec7w2c;Лояльные
5b3cwg8g;Отток
9eg6q476;Отток
w7g55gd6;Лояльные
w655dqee;Предотток
d463e927;Спящие
ec597698;Отток
bc411q9q;Отток
w4723438;Лояльные
479cd18e;Предотток
7741574d;Предотток
5weeb7qw;Лояльные
q793g94g;Лояльные
48237511;Отток
cgc38d37;Лояльные
5d62we48;Предотток
1gc663w7;Отток
ewq666bq;Предотток
455b837d;Отток
381591b7;Спящие
d8q22ccb;Отток
311w9qg2;Спящие
246w25gc;Отток
246w2512;Предотток
15ww885d;Отток
58214q39;Отток
21q3g94b;Лояльные
w2wd1b1w;Отток
8ew5eq22;Отток
478c71b2;Спящие
5e4e7c2w;Лояльные
64q83e52;Спящие
5bc618c6;Отток
6c298956;Отток
c881bcgb;Лояльные
91ww3bbg;Предотток
gde9qqed;Отток
b9gwg565;Отток
59d192c4;Предотток
79cb6789;Отток
9q3ge855;Отток
6ggd2821;Отток
33q8b2qq;Отток
4q554597;Отток
5b2g9e4d;Отток
175ccwg6;Спящие
43g94b6b;Отток
91c7b2q9;Отток
bbwq684e;Отток
b18g28wg;Отток
b7c96w15;Отток
bqew722d;Спящие
b3bc1ggd;Отток
88c68744;Спящие
24w12754;Отток
6ceb5qqw;Отток
de18wqbg;Отток
eg47783w;Спящие
347651e2;Отток
39g1de49;Отток
79774585;Предотток
5b7d3g28;Лояльные
wc2c468e;Отток
79wc26d7;Предотток
8gw36qb7;Отток
cdgbqc6d;Отток
14g38qwd;Предотток
3w113728;Отток
eegc7qbq;Отток
gb8b388g;Отток
c651c6db;Предотток
2dc8e755;Предотток
3wqg4w69;Спящие
45dc8147;Предотток
5bq91q37;Отток
9qge82e8;Лояльные
5238wd32;Лояльные
7317w2eq;Лояльные
w1wcwege;Предотток
5q7q12ee;Отток
7ewec6wg;Отток
39794e1d;Отток
gede3d26;Лояльные
gcqd6qbe;Отток
3g78d2q9;Лояльные
e8cw93qg;Отток
g62w9ew6;Спящие
7d783361;Отток
6g2384qe;Предотток
qq569242;Отток
5335w7d5;Отток
1dgwdcwd;Предотток
qb817c9c;Отток
8be83ed6;Отток
e49c9w7g;Отток
43e43d1e;Отток
b5g8w135;Предотток
7dw79378;Лояльные
4c861d72;Отток
6c17eqq6;Предотток
55c7qgwq;Отток
ccbg39d1;Спящие
2qb124g7;Отток
3937wbe1;Отток
qq477168;Лояльные
c873ceq2;Отток
b266cc62;Лояльные
cg285d6g;Предотток
7q68w781;Предотток
3wc226eg;Отток
q9g35d44;Отток
g122d3bd;Отток
74e2de18;Отток
e2g68d1q;Предотток
8e285d58;Лояльные
qeg29413;Спящие
6q429w14;Спящие
7b44eqb7;Отток
w1wdee6g;Предотток
26122w4c;Отток
91w67c3e;Отток
wwbc52e3;Отток
2d1de26q;Лояльные
8w4g8c25;Лояльные
wgq7w538;Спящие
54d31577;Спящие
e75e5wwg;Отток
wq3476b8;Отток
g48g6gde;Отток
cb9w9qd8;Лояльные
c5c8qg19;Отток
q8244gd1;Отток
9e1g1qc2;Отток
q3d79c2w;Отток
827eg3d4;Отток
wc26gc72;Отток
e9dqcww8;Отток
w72bb7wb;Отток
d7gc33w8;Лояльные
bwq3cqg1;Спящие
35bq126e;Отток
4q4e2b6c;Предотток
q51wc974;Лояльные
469q2232;Предотток
w721d2c5;Отток
3d86db74;Предотток
2q98eweb;Спящие
qq95d4e9;Спящие
6dcgb6b8;Предотток
c898eddq;Лояльные
w3g3678b;Отток
qq28wc7c;Предотток
q3wwwdg8;Лояльные
ed99267c;Предотток
c9dw3w66;Спящие
bg5ebeb4;Предотток
429268d7;Отток
5685d8q7;Отток
bdd9g4bd;Отток
1638wdd6;Отток
51w9187d;Отток
e8bbc85b;Отток
q7619w51;Спящие
9537837b;Спящие
48d619db;Лояльные
g681b2dw;Предотток
bw3ee81b;Лояльные
b63w3qw2;Лояльные
g266q199;Предотток
bc8g4dd6;Предотток
8843cbgc;Спящие
e3q33b41;Лояльные
55qbcce7;Предотток
ebb52998;Предотток
wgbw5db8;Предотток
g54c92g2;Лояльные
12ed6g49;Лояльные
78eg15qg;Предотток
192589wb;Лояльные
gdwgc772;Предотток
5c695312;Спящие
519g9674;Предотток
g415243e;Спящие
13e8b5b9;Предотток
8g866316;Предотток
wbwb52w6;Предотток
587c43bb;Предотток
3dcg9658;Предотток
19bcb52w;Предотток
292ee6w7;Предотток
q8q99q65;Предотток
9qgd9d5c;Спящие
4w1de247;Предотток
2q3gdq2b;Предотток
e2938g7w;Предотток
75g28b2w;Предотток
geq5qwb4;Предотток
8dq35d8q;Предотток
d9dq71w3;Предотток
5bd7e17e;Лояльные
4e73d3e6;Лояльные
7844cg9d;Предотток
bd7g77b5;Предотток
9c88gq66;Спящие
bqw857wb;Предотток
7cbq4d97;Спящие
q8b8e474;Предотток
673bcgb3;Предотток
qgd59cdq;Предотток
w4g8e4qe;Спящие
7c8g834c;Предотток
b1qb651w;Предотток
4q14bew4;Предотток
c599c7d9;Предотток
62w36wce;Предотток
gc1w8w34;Спящие
8718g4q7;Предотток
331bwqwq;Лояльные
c643b79e;Предотток
b2dcc187;Предотток
67477g88;Лояльные
c67be39d;Предотток
b9b172gd;Предотток
w67b3eq5;Предотток
g2wg3q6g;Предотток
e1e566e5;Предотток
1w1qw238;Предотток
ecw43w83;Предотток
dgwd559e;Предотток
c5w72492;Предотток
96e1d6cq;Предотток
wq1688eq;Предотток
39e46c39;Предотток
b492445e;Предотток
dd4dcwg3;Лояльные
dc4w449e;Лояльные
388qw52g;Предотток
233d9deb;Предотток
d697b4q5;Предотток
ddb65wg4;Спящие
68cbb151;Предотток
c6gw994w;Предотток
gqc19c4w;Предотток
3qgw858e;Предотток
c932gdw1;Предотток
w44d9d1e;Лояльные
d1dc6q82;Предотток
dcw5659w;Спящие
12c82487;Предотток
4cegc6de;Лояльные
815887q4;Предотток
4926399e;Предотток
g6qwb52d;Предотток
g4ec7wc8;Спящие
253ee3q4;Спящие
74cbw9g7;Предотток
2qe5b3gq;Лояльные
5843g5q2;Предотток
bgg9g51g;Лояльные
d6463329;Предотток
e5c3c76d;Спящие
6168d2db;Предотток
48147b3q;Предотток
29216d73;Предотток
75d41cw7;Спящие
71wc235d;Спящие
d1g31ded;Предотток
5g85487d;Лояльные
6b8g7b6d;Предотток
d8d8cg69;Предотток
3g4cg573;Лояльные
92b49q1c;Предотток
5bcb621q;Предотток
gc675774;Лояльные
gww736b6;Предотток
65w6g92w;Предотток
ecbb6618;Предотток
2wd9b1cc;Предотток
51cdb7w2;Предотток
1c68w441;Предотток
85554qdb;Лояльные
39g5gc5c;Предотток
w3396e18;Предотток
d846579q;Лояльные
wg33q918;Предотток
b14qg791;Предотток
731gwbd3;Предотток
3w3egw14;Предотток
22bgbg32;Предотток
6dd96223;Предотток
q9e5qc89;Предотток
5c2586w1;Лояльные
8c65g733;Предотток
e977398b;Предотток
e997ed68;Предотток
5wd85we5;Предотток
gbq2bb6d;Предотток
8g1b58cb;Предотток
qbd7793q;Предотток
4737c8bq;Лояльные
gggd68b8;Предотток
q2b7d8b1;Предотток
cbeb5bd8;Предотток
9b371557;Предотток
641e9d2b;Спящие
816qgd5d;Предотток
13e7q681;Лояльные
1c46563c;Лояльные
55185eb6;Предотток
qwccd73d;Предотток
w394e639;Предотток
56wcc4bg;Предотток
8wc58bw5;Предотток
53d4wc66;Предотток
3b168we2;Предотток
2ceq5774;Предотток
c232e647;Предотток
ec769d69;Предотток
gd8ede8g;Предотток
b1wq64w5;Предотток
bb3edcdd;Предотток
1cqqb267;Лояльные
d3422332;Лояльные
c758e648;Лояльные
e48w8cb2;Предотток
54c9qbgg;Предотток
8158c365;Предотток
47wqc33b;Предотток
8b88dd2b;Предотток
g8q12eeb;Предотток
12w5w3ed;Предотток
9geewc46;Спящие
9g71dec8;Лояльные
68qqqwe9;Предотток
2c46ccwg;Спящие
82d6d6q6;Предотток
7qc1bc89;Предотток
ew43368b;Спящие
97d85556;Предотток
7ed13693;Спящие
2456bc9e;Предотток
b65ggw9q;Предотток
8753gbe4;Предотток
ge9ee4g2;Лояльные
cw7b424q;Лояльные
965w6qbe;Спящие
8b4q9128;Предотток
1219bw5c;Спящие
g7dcc8e7;Предотток
1g3b2695;Предотток
2939bw7c;Лояльные
54418432;Лояльные
w8gew742;Лояльные
51581b5q;Спящие
5cde9d1w;Предотток
d13w12g9;Предотток
66qq4bbw;Предотток
9139945e;Спящие
d9w5179c;Предотток
ce5ww3d6;Предотток
93w297b7;Предотток
714d58ee;Предотток
q43d7787;Спящие
wg9gc547;Предотток
q91q2255;Спящие
5c5e9qwe;Предотток
gb512565;Предотток
b9935g43;Предотток
gd2gq33q;Предотток
wwdqb196;Спящие
be921e4q;Лояльные
8e6qc321;Предотток
5q6444ed;Спящие
9d4cw51w;Предотток
cc1w26g5;Предотток
q519d651;Предотток
6w463bgg;Предотток
b3ew62cw;Спящие
6beq1g63;Предотток
qgbbe32c;Предотток
5wqedced;Предотток
begb6115;Спящие
3e3ewd79;Предотток
debcc553;Предотток
e5cw5e76;Предотток
d523ggww;Предотток
5wb5d635;Спящие
w9gqb217;Предотток
qe36e291;Предотток
85qdw558;Предотток
bqg41c8g;Предотток
3cg855we;Спящие
499q66gg;Спящие
9ww99697;Предотток
b66be8wc;Предотток
gqcw149q;Предотток
g6c2e7eb;Предотток
93463c52;Лояльные
qq659482;Предотток
ed8d87g2;Предотток
q1695qeg;Лояльные
q5786cd1;Предотток
4689egb5;Спящие
7b15q7e8;Спящие
6c4c1881;Лояльные
e67d6d5g;Предотток
c34we2we;Спящие
965b49e5;Предотток
gg23434q;Предотток
ee3qq77c;Предотток
c8567764;Спящие
ed6c8qe5;Предотток
215ec3b9;Предотток
48dqc894;Лояльные
8c23d2g8;Предотток
e87689d9;Предотток
5628cb85;Предотток
q3977b58;Предотток
dq7921w8;Предотток
9ed3c52w;Предотток
w927cq3q;Лояльные
5e653b35;Предотток
4144q14q;Предотток
cwg42515;Предотток
bge96gd5;Предотток
8db1982d;Предотток
bdg6e5w4;Предотток
81w5387e;Спящие
59w89gb2;Предотток
17498g7g;Предотток
5489e682;Лояльные
79dggbq5;Предотток
99gebqc9;Предотток
wd6c85qb;Предотток
51ewd6c6;Лояльные
c6574b64;Предотток
d9dd5b7d;Предотток
5d691c6w;Предотток
1699q5e6;Спящие
4eg85741;Предотток
bdgdddd6;Предотток
d7d84d1w;Предотток
4q6dwgww;Предотток
8bw989gc;Предотток
977g6w67;Предотток
qqw9b67e;Предотток
b693e2d6;Предотток
8wec5196;Спящие
q3g47bwe;Предотток
3848b725;Предотток
de96b5bq;Предотток
w271qwq7;Предотток
491c68e9;Предотток
447g739c;Предотток
324681w9;Предотток
789q4776;Предотток
26wbe4d4;Предотток
e47eg4qg;Спящие
q5qwe915;Предотток
be163b82;Предотток
2g5177b1;Спящие
cdd637wg;Предотток
w2g6d776;Предотток
e696wbcb;Предотток
2bd68b38;Предотток
81562b5q;Лояльные
89qg9512;Предотток
cq3c9183;Предотток
8541b789;Предотток
g347q115;Предотток
4c266d84;Предотток
171qq897;Лояльные
db6qd9ge;Предотток
93d6weg7;Предотток
q3g27324;Предотток
eb5eq2w7;Предотток
bb7626bd;Лояльные
dg27g3cq;Предотток
qwq6cdcw;Предотток
35657b8w;Предотток
w4q1c582;Предотток
e84cegc6;Лояльные
w567q91d;Предотток
c38w87d4;Предотток
q8ww715q;Спящие
cd8ebwcw;Спящие
dq5w9c5q;Спящие
c89edw7d;Предотток
327ew281;Предотток
9e16dc13;Предотток
g7geg492;Спящие
91263q76;Лояльные
372c3ecg;Предотток
99b3gec9;Предотток
29w92gqg;Спящие
dcd5d813;Предотток
2182c15b;Предотток
62bd651c;Предотток
586d19d9;Предотток
cgd62wwb;Предотток
dg74c296;Предотток
w52ce12d;Предотток
d3w2wc8e;Предотток
bbw5c684;Предотток
94c211bg;Предотток
w5eb7d73;Предотток
5g2w9wbc;Предотток
d631w343;Спящие
23g55qwg;Предотток
1c954bew;Предотток
5167g752;Лояльные
qw1b2895;Предотток
5db7c4d6;Предотток
78wdc7w8;Спящие
q3g6b226;Предотток
4gwedwb3;Предотток
g5ceg486;Предотток
528w78wb;Спящие
g5de5eed;Предотток
3q59b3w8;Лояльные
1g7g4d6w;Спящие
37c7c38c;Лояльные
5cg2d68w;Предотток
qded459w;Предотток
g2e8gdw2;Предотток
wbg97w83;Предотток
6g3e43cg;Предотток
177344q6;Предотток
c7w61q87;Предотток
8b4dc114;Предотток
g11geeqd;Предотток
q11w4e1c;Лояльные
g8dd3c2w;Предотток
becge556;Предотток
wg3661b4;Лояльные
55eqw7g4;Лояльные
b3433383;Предотток
2eew887e;Лояльные
c6eweb12;Предотток
4q3d6c98;Предотток
qd89be6w;Предотток
g1cq3829;Предотток
7e2wb91e;Лояльные
99c2d98c;Предотток
ew1e9c13;Предотток
67c5676q;Спящие
g8886e17;Предотток
q56ee3w5;Лояльные
gcw85b13;Спящие
ebc7gee9;Предотток
6d9egd9c;Спящие
1q7156qd;Предотток
d119gdd4;Спящие
4b983251;Спящие
w3gde1b5;Предотток
b5w48b76;Лояльные
cgb8gc9b;Предотток
538dg889;Предотток
72b937e1;Предотток
b714w826;Предотток
99e7gq2e;Предотток
66ec91cq;Предотток
3qdwq3eb;Предотток
52w96w1c;Предотток
79e462cd;Предотток
b7973g4g;Предотток
281e81w4;Спящие
d1gbcbg5;Лояльные
g2q7d361;Лояльные
c365q66b;Спящие
w4cb1c3e;Спящие
788916gb;Предотток
g25ed7b4;Предотток
ccqw6ed3;Спящие
939ewq84;Предотток
c791ed63;Предотток
c2wdw84q;Лояльные
bb2dq58c;Предотток
b58g18q5;Предотток
39b9b14g;Предотток
e95q2bew;Предотток
9898b9g6;Предотток
c3wwgg48;Предотток
1dq7q3w1;Предотток
3bw52576;Предотток
94537q6e;Предотток
dqe18b2d;Предотток
813bde5d;Спящие
77626dgg;Предотток
84e1829q;Предотток
7bgbg214;Предотток
8egqg5qd;Спящие
ddb63qw1;Предотток
926w682c;Предотток
e2c41874;Спящие
qbg83358;Предотток
dc89g36q;Предотток
87459cwd;Лояльные
e61ec22g;Предотток
3e4173eq;Лояльные
e1dc148c;Предотток
5wg9dq5c;Предотток
6156gg85;Лояльные
bb1cwg67;Предотток
53b1b94e;Предотток
bcb81c8q;Предотток
q31q116d;Предотток
w2d54d51;Предотток
38qeb17b;Лояльные
e398q9gc;Предотток
ddw5c8cc;Предотток
9gw54g8e;Спящие
81ww9eq8;Предотток
64dg8411;Предотток
4wbg4g7b;Лояльные
e27d248e;Предотток
54449856;Предотток
c77gcbb1;Спящие
8g83b1dd;Лояльные
6w936e25;Предотток
1gw3q1cg;Предотток
7297b3c6;Лояльные
w2168177;Предотток
q6wqw4g9;Предотток
q335742e;Предотток
3c345dcd;Предотток
12d1c225;Спящие
e6523g7w;Предотток
5g4d9g48;Предотток
e12495ed;Предотток
2519g485;Предотток
474w34q9;Предотток
9wg3db96;Предотток
cq4ed172;Предотток
g1bb2342;Лояльные
2q82qb3c;Предотток
c1d67bc5;Предотток
721w4w7d;Предотток
2gw91dwc;Предотток
8b9w979w;Предотток
3e2e8bqw;Предотток
2794d14e;Предотток
87qc3447;Предотток
g92dcbqw;Предотток
6121d59d;Предотток
wd7c984d;Спящие
d376wbd4;Предотток
gwgebcd2;Спящие
94191dd7;Предотток
4c254774;Предотток
91gcw99d;Предотток
1577d567;Предотток
cb81c22e;Лояльные
8d26wcc8;Предотток
dq375q6b;Предотток
gddg3d7g;Предотток
739bd4c1;Предотток
be353qqq;Предотток
7c4edw19;Предотток
d237geb4;Лояльные
bwbe3qg3;Предотток
gqcg7bdw;Лояльные
213q54q9;Предотток
b5b192g4;Предотток
85cb449d;Предотток
7b4bg6q3;Спящие
w29586bb;Лояльные
592eg934;Предотток
c5q85db3;Спящие
9q9b3w1q;Предотток
1gqg64q9;Предотток
5eeq5c9d;Предотток
qw9e149w;Предотток
542245bq;Лояльные
g58eqc57;Предотток
q1qew7w7;Предотток
551ww1b8;Предотток
2b6213cd;Лояльные
cg58w5ww;Предотток
ed9gcb55;Предотток
7d7cdgq8;Предотток
314bq94e;Предотток
1467gc64;Предотток
wg2wdqwb;Предотток
ed3138ww;Лояльные
9cwd67q8;Спящие
w34q47dc;Предотток
55b57554;Предотток
319825w2;Предотток
68772d7c;Предотток
cwed519e;Предотток
6cq13ew4;Предотток
qw5gwb33;Спящие
bdg7273e;Предотток
41eq9238;Предотток
b7b4cebg;Предотток
55qq758c;Предотток
db2c2ge3;Спящие
72q369ge;Предотток
9w436cbq;Спящие
b5345e77;Предотток
g1q94813;Предотток
564ed684;Предотток
6c9qec81;Предотток
e9g12w3q;Предотток
gw7wb2eg;Предотток
ccc2qbe9;Спящие
544q76w4;Спящие
1e38wbgw;Предотток
w4893de2;Предотток
1bw583bq;Предотток
7q2wg54w;Лояльные
21ec1dq2;Предотток
c58bqgcq;Спящие
q441c138;Предотток
e8cdg192;Предотток
g95w82bd;Предотток
be82w275;Предотток
1d91cc5e;Лояльные
39d76q3d;Предотток
cb8qeq8d;Предотток
w789953e;Предотток
b9g192g9;Предотток
2392357q;Предотток
cw5bbq11;Предотток
2eqe4q77;Предотток
d1dq1c21;Предотток
8ww5gq5w;Предотток
qcw95975;Спящие
9e14872q;Предотток
ecbcwgcc;Предотток
15e5bg95;Предотток
b3q3544b;Спящие
191q5b4c;Спящие
qe56wbg6;Предотток
6ewgdc45;Предотток
1gb29bc9;Предотток
6dwgdb4g;Лояльные
2w7b72dg;Предотток
1wwd5q9c;Предотток
3255g63w;Предотток
6qe868bg;Предотток
2d1qgbge;Предотток
wc8q22cq;Предотток
8c1b8bd1;Спящие
w5cgw793;Предотток
dwg498dw;Предотток
8736ge4c;Предотток
4q1d6e81;Спящие
d243d9gc;Предотток
42d5cc4c;Предотток
9q49w29q;Предотток
414e19d5;Лояльные
9c166364;Предотток
8d7cb72q;Лояльные
9dqwg124;Предотток
18wq32g3;Лояльные
6b8665c6;Предотток
34cdd5d7;Предотток
48d53c99;Предотток
416bq794;Предотток
b1b2e5e6;Спящие
dcgw3ce4;Предотток
61q8gd42;Предотток
q84w3882;Предотток
21wgdg7q;Предотток
44gw289e;Лояльные
929q92b9;Лояльные
8336d362;Предотток
2eg6943e;Предотток
5wc6eb1c;Спящие
g8eb674d;Предотток
9gg59319;Предотток
d3dw2998;Предотток
48qwc572;Спящие
9g791592;Предотток
5g5db5b6;Предотток
9868347b;Предотток
d315wq4b;Предотток
g55gqg54;Предотток
8cqbc7w7;Предотток
9bec77d2;Предотток
bebd8485;Предотток
8qg9e4q4;Предотток
93ccec38;Предотток
w2354cdd;Предотток
73w42534;Предотток
7d9ew184;Предотток
wcbg7994;Предотток
dwdqb249;Предотток
48925235;Лояльные
297d2w3e;Предотток
g27wgw37;Предотток
3edwe6g6;Предотток
2ee29e28;Предотток
d1qq8949;Спящие
3b4w8471;Спящие
72126qc7;Спящие
5cw56ecq;Спящие
9c2wde38;Спящие
4db946b4;Предотток
358ebwwd;Спящие
2ce4g52g;Предотток
cg92qbd2;Предотток
c25cged9;Предотток
9e4938b7;Предотток
81b9wd16;Спящие
35c7781d;Предотток
4bq279c7;Предотток
691cq4d5;Предотток
37dqd5e4;Предотток
gw7wb33g;Предотток
2395c428;Предотток
g951cdc4;Предотток
1cw76b9d;Спящие
w7cge8wg;Лояльные
c4wwd3b6;Лояльные
b65323dc;Предотток
692d8145;Лояльные
86169253;Предотток
eeq37g89;Предотток
e99ge21b;Лояльные
g2c2799c;Лояльные
55ew62d6;Спящие
254995w8;Спящие
766g2cd9;Предотток
6cg59971;Спящие
q8371qq1;Спящие
cqe9deq5;Предотток
3gde7579;Спящие
bq66ggqe;Спящие
2w52g26d;Предотток
g69q9558;Предотток
3c8g58w1;Спящие
cd3666bc;Предотток
b17215q4;Лояльные
e14g1638;Лояльные
be71ec99;Предотток
7w34c5w2;Лояльные
7dc3wqcb;Лояльные
772q893w;Предотток
we314329;Предотток
2gcb55we;Предотток
g4dd3e13;Спящие
5wc8dq3g;Предотток
6bq82w41;Предотток
3999b692;Предотток
7ew296bd;Предотток
eqqw319b;Предотток
99qb3d2b;Предотток
95b7qwqb;Предотток
81d19gce;Предотток
92g3529c;Предотток
bgd95cw4;Предотток
qq7beb2g;Предотток
q45e44bb;Предотток
c6352q22;Лояльные
21g599wc;Лояльные
292e35g4;Предотток
29w7w48d;Спящие
699debwe;Лояльные
w4c8eec3;Спящие
16c5w2c1;Предотток
wdgw3c21;Спящие
5c8w1344;Предотток
e93q5q76;Спящие
72c776q1;Предотток
q74w3939;Предотток
w97496e8;Предотток
7d3wq9g5;Предотток
eq6e426q;Спящие
b6c132dc;Предотток
22g993bw;Предотток
q8gb2717;Предотток
2q36e6q2;Спящие
d75gqgg6;Предотток
cd172156;Предотток
7c31b16b;Предотток
65bgq13g;Предотток
67eww1g9;Предотток
877512bb;Предотток
7b736689;Предотток
1e78w3e7;Предотток
egq7b5c2;Предотток
w7b9qb55;Спящие
ew938q64;Лояльные
d474b8w9;Спящие
w4b486dq;Спящие
7794d23g;Предотток
457g6733;Предотток
4e6213eb;Предотток
gd436w83;Предотток
1q6811dc;Предотток
qcd86bb9;Предотток
516d82ew;Предотток
dbcq561b;Спящие
1gedqbc3;Предотток
ddbqgecc;Спящие
eqgd3q18;Спящие
g168w82c;Лояльные
c99cb6qe;Лояльные
6b5737c6;Предотток
13gb6q17;Предотток
ec4c4162;Предотток
6c11c874;Предотток
q9gw8q1e;Лояльные
56g1372c;Спящие
79e99e9g;Предотток
5ddqcq3w;Лояльные
q9c8w687;Предотток
458eq79c;Предотток
4edg3b9e;Спящие
674c4cc1;Спящие
ccedc384;Предотток
cg8g49c1;Спящие
ee949gg5;Предотток
gw1dgw97;Предотток
41e2984q;Спящие
7bq4g5b6;Предотток
c5gcg17q;Предотток
369wdb66;Предотток
8dg452q5;Предотток
174e7542;Спящие
qq246352;Предотток
wdwc3w3e;Предотток
4d33d966;Предотток
gd18we32;Лояльные
e699w3q6;Предотток
g4ww3979;Предотток
ec8bw9c2;Спящие
g9w228ce;Лояльные
gw2g2eqb;Предотток
w88d78b9;Лояльные
1559qc6w;Предотток
26669dc9;Предотток
e3c1b685;Спящие
eg81g81g;Предотток
e72wq39b;Лояльные
11wc619c;Предотток
1g923w97;Предотток
qqc41w44;Спящие
dc71db8d;Предотток
w7819ec9;Спящие
cewc9142;Лояльные
qb5q8982;Спящие
9g963gw2;Предотток
c9eq32d5;Предотток
g35d5738;Лояльные
w55ew8w1;Предотток
19d2dw2b;Предотток
bb2ww8b3;Предотток
456b3wb8;Предотток
w4w47891;Предотток
bbe2g555;Предотток
gcwbb163;Предотток
cwq9ceec;Спящие
144191e2;Предотток
136b8c49;Лояльные
238b516c;Лояльные
q1wb5d31;Предотток
c3wd7g27;Предотток
7g83w773;Предотток
2ewq9qb1;Лояльные
5bcb6239;Предотток
q83qqcw5;Спящие
wd628gq6;Предотток
b5498q9g;Предотток
d4286wbe;Спящие
ed7cq2d6;Предотток
dwe2c7cb;Предотток
2gw87w29;Предотток
g89gd7e7;Предотток
e1g81b84;Предотток
w3ebc751;Спящие
gqw3qg49;Спящие
323w13w9;Спящие
w3w4q3bq;Лояльные
67651422;Спящие
8g8663ge;Лояльные
gb919wd6;Спящие
de9993dq;Лояльные
619e6w28;Спящие
223w9b67;Спящие
b1d4b84q;Спящие
39w7c7d9;Спящие
3cq92qqe;Лояльные
2g195qde;Спящие
98cq81ec;Спящие
c5b9gec7;Спящие
76e46d97;Спящие
bd2c35b8;Лояльные
53g6bw2q;Спящие
1bg883g6;Спящие
6671w8b5;Спящие
568631dg;Спящие
3e3bqdgc;Лояльные
2de8w5bw;Спящие
6gccwbgq;Спящие
4513q46w;Спящие
3d18e27w;Спящие
e5g4gwgd;Спящие
4ggw8eq6;Спящие
83b36qee;Спящие
c138wb59;Спящие
wg59475g;Спящие
w2wg35dq;Спящие
3q8w1b47;Спящие
g87db2wc;Спящие
3b97ec68;Спящие
b83db91b;Спящие
bqbe46w8;Спящие
85b4qe22;Спящие
16g5g47g;Спящие
bcg4ecw8;Спящие
c4egd35e;Спящие
e713c9q8;Спящие
bg4d724e;Спящие
6wgq56d4;Спящие
9qb3b947;Спящие
7d345d96;Спящие
g8dbd62b;Спящие
913768ew;Лояльные
6q5584g1;Спящие
5c127425;Спящие
cbc497we;Спящие
w2bc5q85;Спящие
w1d86173;Лояльные
4d58877w;Лояльные
4c6g7d35;Спящие
q3wc8gwg;Спящие
93bd2b36;Спящие
g567qebq;Спящие
g7wgbe88;Спящие
8b5w7979;Спящие
b434568g;Лояльные
386c9cw6;Спящие
3w962613;Спящие
7q4dwdqb;Спящие
q41b9621;Лояльные
4dg31b4g;Спящие
447c2724;Спящие
26d444wg;Лояльные
2db3be65;Спящие
93gq4925;Спящие
748e756d;Спящие
72386qgw;Спящие
d39q17b9;Спящие
e2264b66;Спящие
19317dg9;Спящие
gcebdd6g;Спящие
7c737752;Спящие
g25532w3;Лояльные
q7gdc676;Спящие
1wq527be;Спящие
7c2654q5;Спящие
895d3b69;Спящие
63eccg7c;Спящие
722qqc59;Спящие
178qgwc4;Спящие
w96e862e;Спящие
59482q77;Спящие
7w734qdd;Спящие
d6dge5qd;Спящие
ecw6e671;Лояльные
bb9471g6;Спящие
6g24e5q3;Лояльные
2d3ww7cq;Спящие
884ggw99;Спящие
86cc9q88;Спящие
85gqdd59;Спящие
dqde9bw1;Спящие
68gcq5d6;Спящие
92cw6qw3;Спящие
w39b6225;Спящие
519188ge;Спящие
q9c23qg6;Спящие
46d8q899;Спящие
1261e16d;Спящие
8w6q8bq5;Спящие
5725339c;Спящие
dgd9de94;Спящие
cceb7g62;Спящие
ge3q44d8;Спящие
77992441;Спящие
19497qb7;Спящие
3ecq8eb3;Спящие
4d388cb8;Спящие
24w5b139;Спящие
gw75136b;Спящие
cb23b94e;Спящие
38wc9241;Спящие
24g12293;Спящие
bqwe767e;Спящие
69w63eq6;Спящие
544c7793;Спящие
6q6113qd;Спящие
d94b69wb;Спящие
6612cbd7;Спящие
1w786wgg;Спящие
qd11bb1d;Спящие
3965e67c;Спящие
w8e27666;Спящие
dee9q3ee;Спящие
138bc69q;Спящие
6q6bqec9;Спящие
9627w954;Спящие
q1dq9w9q;Спящие
cg8111dg;Лояльные
4g3w5g2w;Спящие
gw9qc495;Спящие
12wwq6c4;Спящие
6788wed3;Спящие
d47cb78g;Лояльные
d729g3b2;Лояльные
d89dg59g;Спящие
dw2w799c;Спящие
76c6369d;Спящие
be19g541;Спящие
b875cw1w;Спящие
738q9gq4;Лояльные
gb3gc9d1;Лояльные
w4e6db3e;Спящие
545cw796;Спящие
329g9213;Спящие
31b66146;Спящие
q7e33521;Спящие
7e8bc791;Спящие
qbq55c6g;Лояльные
85c39194;Спящие
wge55q92;Спящие
12b4bb6b;Спящие
23635q74;Спящие
6ebdd5gw;Спящие
c558582c;Лояльные
q5369gb6;Спящие
46444638;Спящие
e6gq9w7b;Спящие
b4e8953g;Спящие
5523312g;Лояльные
791q9w9q;Спящие
db48w959;Спящие
157e4974;Спящие
db2c1ggq;Лояльные
d76bbeg2;Спящие
e4wd39c5;Спящие
7wq56ec3;Спящие
dq54g7ew;Спящие
4ecg6471;Спящие
e19563q3;Спящие
qc26w28c;Спящие
37dd7768;Спящие
c5g6d899;Спящие
g53c9d23;Спящие
6bee47ed;Лояльные
5g75bbge;Спящие
6q1g7b14;Спящие
de18c6e2;Спящие
719d1bcd;Спящие
e3cccbq2;Спящие
cwe48d7e;Спящие
1gc663d3;Спящие
74g96484;Спящие
d294qb1e;Спящие
6gq92316;Лояльные
6geww9g8;Спящие
dbb27b43;Спящие
2c7978cg;Спящие
5789bwq8;Спящие
qe29b1q6;Спящие
b41w98qq;Спящие
b8cdc6w7;Лояльные
dd3293q4;Спящие
2e98cb75;Спящие
419dbq35;Спящие
1g5b3116;Спящие
c396d6eg;Лояльные
6155bw7c;Спящие
2qbcec94;Спящие
d953b31c;Спящие
c3qe3q1e;Спящие
169929ce;Спящие
6bq1bc39;Спящие
4e859we8;Спящие
cd6d36gq;Спящие
398q1721;Спящие
272ce5gw;Спящие
9c7gce27;Спящие
421b6wwg;Лояльные
59e29g6g;Спящие
e9g1312q;Спящие
ddq6ew8q;Спящие
5c64q96d;Лояльные
d4bd9d44;Спящие
3b55b182;Спящие
84dwwe36;Спящие
84q88eec;Спящие
57bbq568;Лояльные
7g5d3w7w;Лояльные
w95bw792;Лояльные
569d17gq;Спящие
d5c2gcqw;Спящие
9692681c;Спящие
g87513q8;Спящие
b3dwbd71;Спящие
bc3d8d15;Спящие
186dqg6g;Лояльные
cbw95w89;Спящие
5b13bwdd;Спящие
b34w1g51;Спящие
437dcbw6;Спящие
de9993b5;Лояльные
c86q6286;Спящие
7g981e3w;Спящие
gbcdcd14;Спящие
7q5c73g9;Спящие
46228qeq;Спящие
eg78cc2b;Спящие
e96bqdc1;Лояльные
w67ceddq;Спящие
59453qc6;Спящие
b9d89e6b;Спящие
722c7wd5;Спящие
d6dqwgd9;Лояльные
c8431c16;Лояльные
65c6bqbc;Спящие
5q8gb251;Спящие
b43e38cd;Спящие
bc7898gq;Спящие
ecg8qd38;Спящие
d3544w62;Спящие
7de46d7e;Спящие
6332387w;Спящие
b4c51982;Спящие
q3b3g189;Спящие
3gecq739;Спящие
3w19wqwe;Спящие
qq61gbde;Спящие
e43e6e5g;Спящие
561cbdgg;Спящие
2dw469b1;Спящие
3wbe23g8;Спящие
24642441;Спящие
q4c1gq1g;Спящие
e2bwc19e;Лояльные
qd698365;Лояльные
41173e71;Лояльные
cbcg2bc5;Спящие
4be49w7g;Спящие
9wb84gwc;Спящие
e8663143;Спящие
546w897b;Лояльные
2e1dg281;Спящие
78c388g6;Спящие
1c1b2558;Спящие
wq49ed4w;Спящие
21gqddd5;Спящие
9e8q4g9c;Спящие
619c63be;Спящие
1qc8eccw;Спящие
6dc52741;Спящие
cb455b49;Спящие
22446qg7;Спящие
3dc32c3e;Лояльные
4635q6dw;Спящие
4eq27qq1;Спящие
wwc15666;Лояльные
5g2ewd33;Спящие
c6c894b5;Спящие
628e9cb9;Спящие
g617cq7w;Спящие
q7544e52;Спящие
5b5b4e25;Спящие
529d8d4g;Спящие
g267w66d;Лояльные
d5c95bbg;Спящие
g15gqq1e;Лояльные
b34gg6gc;Спящие
qe285237;Спящие
1e2g4q85;Спящие
bw7192c2;Спящие
292c1d45;Спящие
84e2g789;Спящие
eq5197bq;Спящие
be2dw5g7;Спящие
4c42beed;Спящие
e7g1cw96;Спящие
e88dww5q;Спящие
1dg92511;Спящие
g1w6w862;Спящие
6b8e3w12;Спящие
55d582d6;Лояльные
716d1878;Лояльные
93w9eb96;Спящие
cq1g8egc;Спящие
299481e3;Лояльные
8396344w;Спящие
gdg7gb2q;Спящие
qq412cwc;Спящие
67494833;Лояльные
29598q17;Спящие
cd4w68q4;Спящие
c11qd2ee;Спящие
84491g87;Спящие
23cbcw1q;Спящие
edwgcg16;Спящие
762bb62c;Спящие
945d1731;Спящие
3g746w33;Спящие
g1eg7e7w;Лояльные
b114548d;Спящие
3838q3gb;Спящие
d3q6g3db;Спящие
e1b7bggw;Спящие
c45wwb41;Лояльные
6w329188;Спящие
w1dd86q8;Спящие
d81g3w27;Спящие
d5c74g42;Спящие
we1b29g3;Спящие
69bb35g1;Спящие
3g8bd82b;Спящие
9e6e4wq3;Спящие
g3q65eeb;Лояльные
3g9817we;Спящие
8w4w65qq;Спящие
9qb8e62g;Спящие
876cq1qc;Спящие
59381g55;Спящие
8b68441g;Лояльные
688118b6;Спящие
b9b87651;Спящие
8ew2562c;Лояльные
11wc55ew;Спящие
42d6c9cb;Лояльные
311gcbd3;Лояльные
7469d253;Лояльные
54g7cbc9;Лояльные
8w953e2e;Лояльные
6q6bqe8c;Новички
47qgdge9;Лояльные
3e4ecw81;Лояльные
7b74wbq1;Новички
92beq255;Новички
6cd13q69;Новички
61wd2cg6;Лояльные
3dw5gqc3;Новички
3g6w6612;Новички
9dwc8d44;Новички
2b872q11;Новички
4qc7d149;Новички
g3637c3g;Новички
7e627269;Новички
13135dc1;Лояльные
533w38q5;Новички
23c2g6q6;Новички
d67b24qq;Новички
6q7gee7e;Новички
84de84b2;Новички
1qb5b3w9;Новички
5188g8c3;Новички
4qb49w7b;Новички
4ec1226b;Новички
cq893g7w;Новички
73g7276b;Новички
cb411617;Новички
5gd7ww3c;Лояльные
w3694q8e;Новички
c19b694e;Новички
6279ebdc;Новички
bw6ew324;Новички
1c813888;Новички
64c3qb56;Лояльные
924d812g;Лояльные
345c1gg7;Новички
w81548b8;Новички
695d4w79;Новички
4b7gqc84;Новички
d83qb16g;Новички
9333eg7c;Новички
ded1q926;Новички
8b3c6qqw;Лояльные
q9d377gw;Новички
847g7b75;Новички
c553c346;Новички
549w6999;Новички
3c1e7dw2;Новички
3e12e43g;Лояльные
1b9dq8g1;Лояльные
eqg68228;Новички
d35qe9b6;Новички
g7q3wg2q;Новички
61c671wd;Лояльные
e844c795;Новички
d462wg56;Новички
w8q4c2dq;Новички
7c3577ew;Новички
c3qgg25w;Новички
79dc7b88;Новички
q87e1188;Новички
775b1w3b;Лояльные
2g974eqw;Лояльные
w554gde8;Новички
17d682cb;Новички
e2ge44b4;Новички
4d33w82e;Новички
bee7dq24;Новички
6ge9qg7e;Лояльные
w927cq33;Новички
3w1q7bg9;Лояльные
ege5d4g4;Новички
gq5wq43c;Лояльные
49we96b5;Новички
79bw7bg5;Новички
w75e9g8c;Лояльные
1d4g29gb;Новички
16w52553;Новички
96w34557;Лояльные
5cc53615;Новички
d857b892;Лояльные
4c88cc78;Лояльные
b1q2dqd7;Новички
1d4dw1g2;Новички
7g4qqc11;Новички
qgw21b9b;Лояльные
27q8g575;Новички
6e3q14bg;Новички
4bc7w25b;Новички
64d87we2;Новички
6d645376;Новички
976294c2;Новички
4q2ce867;Новички
q3q1e8d7;Новички
8cg8246e;Лояльные
257dq6eb;Лояльные
98q143e4;Лояльные
q1118c6b;Новички
5742dd2w;Лояльные
cq1q5edd;Новички
b5c53926;Новички
72cd416q;Новички
3c33e15c;Лояльные
9w8qb847;Новички
ggbg23qc;Лояльные
9e137177;Новички
bdgw9e4b;Новички
w51242g7;Новички
gb85gq3w;Новички
w567q431;Лояльные
qw8714g6;Новички
e833dd51;Лояльные
dq45749d;Новички
d256629b;Лояльные
422cwg12;Новички
51cdb824;Новички
ew19e86e;Лояльные
7c2c7765;Новички
86w62e31;Новички
5ddc2w19;Новички
b13w2825;Лояльные
gg8b884q;Новички
2g3e47ww;Новички
bqdeq4dq;Новички
q3ccg4g1;Лояльные
4e1we3cw;Новички
16bgee25;Новички
b37w58gq;Лояльные
519wd725;Лояльные
2c5qdwe8;Новички
9q6g5758;Новички
5g23q7g3;Новички
ebb3wbw4;Новички
79q6cegg;Новички
g5d29388;Новички
1w3d77g3;Новички
dq496gqg;Новички
18989qg1;Новички
c1895wgb;Новички
5wd5851g;Новички
1613we59;Новички
6b534881;Новички
158dg875;Новички
5q342q31;Новички
26e1beg6;Новички
837gbqg2;Лояльные
3bb77g8q;Новички
2dg8eqd9;Новички
7w3ebbwe;Новички
23dbd6cw;Новички
w6cg77ww;Новички
qec82156;Новички
dd32gdq7;Новички
46466bd7;Новички
6925442w;Новички
gcw4qb9c;Новички
7q1cb9b3;Новички
q5ebq67e;Новички
15e7bee2;Новички
c8376615;Новички
48ew8edd;Новички
1723dqq9;Новички
q86e8585;Новички
74beqb38;Новички
be559939;Новички
984g8qdq;Новички
7c287q78;Новички
8b6g4864;Новички
c892657g;Новички
cdw9qb9d;Новички
6bde4bg3;Новички
4cqcbd8d;Новички
9eg6q48d;Новички
g71c1qec;Новички
wqq5c57w;Новички
e4e6egeb;Новички
2ccb9528;Новички
wc6976c2;Новички
qcg48c9d;Новички
54e41d6q;Новички
5w3g8647;Новички
wq827784;Новички
26e84e2w;Новички
1c4cw3cc;Лояльные
wdgc38d8;Новички
q824e752;Новички
d7163799;Новички
1d48523d;Новички
q4g77qqq;Новички
e21dbc51;Новички
35cwbq99;Новички
w55g8499;Новички
9e16dbw5;Новички
39qg1d7d;Новички
37eb62q1;Новички
133decwe;Новички
qegg8be4;Новички
59136bcg;Лояльные
q9q37gqd;Новички
4e77d1w2;Новички
453we942;Новички
c54g4g44;Новички
12wc49gd;Новички
27bd3cd3;Новички
83gwgce6;Новички
7g34c133;Новички
73432q1c;Новички
d541cw84;Новички
q736eq56;Новички
dbc4b1w7;Новички
qw59q25b;Новички
dq355cd9;Новички
e8497b29;Новички
859bwcgg;Лояльные
21e19wde;Лояльные
bee9w636;Новички
11q26e73;Новички
33338cd1;Новички
ed4d3q71;Новички
2wc1q637;Лояльные
geqw6d44;Новички
ed589323;Новички
d371e5q4;Новички
b39c8d7c;Новички
97qdc458;Новички
2cbwq372;Новички
wb736q5q;Новички
76cqe659;Новички
g4c967gc;Новички
g644bd28;Новички
5w91eqb6;Новички
c11g41c7;Новички
66q342be;Новички
2e27976d;Новички
g2e5b628;Новички
d32w6c8q;Новички
7669gec2;Новички
deqgb3g2;Лояльные
8g36c8w4;Новички
b5b45w36;Новички
b495581d;Новички
8e41ggq1;Новички
b42w3664;Новички
